,CRRA,DiscFac,RiskyAvg,RiskyStd,PermShkStd,TranShkStd,solved,linear root
0,4.0,0.85,1.04,0.1,0.0,0.0,True,[1.45546364]
1,4.0,0.85,1.04,0.1,0.0,0.1,True,[1.47342658]
2,4.0,0.85,1.04,0.1,0.0,0.2,True,[1.53280956]
3,4.0,0.85,1.04,0.1,0.1,0.0,True,[1.6439013]
4,4.0,0.85,1.04,0.1,0.1,0.1,True,[1.67277071]
5,4.0,0.85,1.04,0.1,0.1,0.2,True,[1.76246]
6,4.0,0.85,1.04,0.1,0.2,0.0,True,[8.45006899]
7,4.0,0.85,1.04,0.1,0.2,0.1,True,[8.47001103]
8,4.0,0.85,1.04,0.1,0.2,0.2,True,[8.53029739]
9,4.0,0.85,1.04,0.2,0.0,0.0,True,[1.44751436]
10,4.0,0.85,1.04,0.2,0.0,0.1,True,[1.46613654]
11,4.0,0.85,1.04,0.2,0.0,0.2,True,[1.52597777]
12,4.0,0.85,1.04,0.2,0.1,0.0,True,[1.63090921]
13,4.0,0.85,1.04,0.2,0.1,0.1,True,[1.6580887]
14,4.0,0.85,1.04,0.2,0.1,0.2,True,[1.74391061]
15,4.0,0.85,1.04,0.2,0.2,0.0,True,[9.14748909]
16,4.0,0.85,1.04,0.2,0.2,0.1,True,[9.15733445]
17,4.0,0.85,1.04,0.2,0.2,0.2,True,[9.1865383]
18,4.0,0.85,1.04,0.3,0.0,0.0,True,[1.42663658]
19,4.0,0.85,1.04,0.3,0.0,0.1,True,[1.44406771]
20,4.0,0.85,1.04,0.3,0.0,0.2,True,[1.49790499]
21,4.0,0.85,1.04,0.3,0.1,0.0,True,[1.59197261]
22,4.0,0.85,1.04,0.3,0.1,0.1,True,[1.61595679]
23,4.0,0.85,1.04,0.3,0.1,0.2,True,[1.69136674]
24,4.0,0.85,1.04,0.3,0.2,0.0,True,[7.7060012]
25,4.0,0.85,1.04,0.3,0.2,0.1,True,[7.71621026]
26,4.0,0.85,1.04,0.3,0.2,0.2,True,[7.74705479]
27,4.0,0.85,1.05,0.1,0.0,0.0,True,[1.47824613]
28,4.0,0.85,1.05,0.1,0.0,0.1,True,[1.49761168]
29,4.0,0.85,1.05,0.1,0.0,0.2,True,[1.56071297]
30,4.0,0.85,1.05,0.1,0.1,0.0,True,[1.70002843]
31,4.0,0.85,1.05,0.1,0.1,0.1,True,[1.732868]
32,4.0,0.85,1.05,0.1,0.1,0.2,True,[1.83492894]
33,4.0,0.85,1.05,0.1,0.2,0.0,True,[8.87209926]
34,4.0,0.85,1.05,0.1,0.2,0.1,True,[8.89507599]
35,4.0,0.85,1.05,0.1,0.2,0.2,True,[8.96433263]
36,4.0,0.85,1.05,0.2,0.0,0.0,True,[1.46973089]
37,4.0,0.85,1.05,0.2,0.0,0.1,True,[1.48977533]
38,4.0,0.85,1.05,0.2,0.0,0.2,True,[1.55297424]
39,4.0,0.85,1.05,0.2,0.1,0.0,True,[1.68349388]
40,4.0,0.85,1.05,0.2,0.1,0.1,True,[1.71408939]
41,4.0,0.85,1.05,0.2,0.1,0.2,True,[1.81036036]
42,4.0,0.85,1.05,0.2,0.2,0.0,True,[11.13064058]
43,4.0,0.85,1.05,0.2,0.2,0.1,True,[11.13986094]
44,4.0,0.85,1.05,0.2,0.2,0.2,True,[11.16701548]
45,4.0,0.85,1.05,0.3,0.0,0.0,True,[1.45683014]
46,4.0,0.85,1.05,0.3,0.0,0.1,True,[1.47542731]
47,4.0,0.85,1.05,0.3,0.0,0.2,True,[1.53385549]
48,4.0,0.85,1.05,0.3,0.1,0.0,True,[1.656871]
49,4.0,0.85,1.05,0.3,0.1,0.1,True,[1.68591695]
50,4.0,0.85,1.05,0.3,0.1,0.2,True,[1.77762108]
51,4.0,0.85,1.05,0.3,0.2,0.0,True,[8.35819473]
52,4.0,0.85,1.05,0.3,0.2,0.1,True,[8.36808475]
53,4.0,0.85,1.05,0.3,0.2,0.2,True,[8.39809191]
54,4.0,0.85,1.06,0.1,0.0,0.0,True,[1.50307263]
55,4.0,0.85,1.06,0.1,0.0,0.1,True,[1.52385507]
56,4.0,0.85,1.06,0.1,0.0,0.2,True,[1.59123123]
57,4.0,0.85,1.06,0.1,0.1,0.0,True,[1.77298456]
58,4.0,0.85,1.06,0.1,0.1,0.1,True,[1.810582]
59,4.0,0.85,1.06,0.1,0.1,0.2,True,[1.92824781]
60,4.0,0.85,1.06,0.1,0.2,0.0,True,[9.40585609]
61,4.0,0.85,1.06,0.1,0.2,0.1,True,[9.43226526]
62,4.0,0.85,1.06,0.1,0.2,0.2,True,[9.5116408]
63,4.0,0.85,1.06,0.2,0.0,0.0,True,[1.49426572]
64,4.0,0.85,1.06,0.2,0.0,0.1,True,[1.51517329]
65,4.0,0.85,1.06,0.2,0.0,0.2,True,[1.58275098]
66,4.0,0.85,1.06,0.2,0.1,0.0,True,[1.74817667]
67,4.0,0.85,1.06,0.2,0.1,0.1,True,[1.78323166]
68,4.0,0.85,1.06,0.2,0.1,0.2,True,[1.89283056]
69,4.0,0.85,1.06,0.2,0.2,0.0,True,[14.6239391]
70,4.0,0.85,1.06,0.2,0.2,0.1,True,[14.63206989]
71,4.0,0.85,1.06,0.2,0.2,0.2,True,[14.65655876]
72,4.0,0.85,1.06,0.3,0.0,0.0,True,[1.48166583]
73,4.0,0.85,1.06,0.3,0.0,0.1,True,[1.5032223]
74,4.0,0.85,1.06,0.3,0.0,0.2,True,[1.57008753]
75,4.0,0.85,1.06,0.3,0.1,0.0,True,[1.71297475]
76,4.0,0.85,1.06,0.3,0.1,0.1,True,[1.74507137]
77,4.0,0.85,1.06,0.3,0.1,0.2,True,[1.84692859]
78,4.0,0.85,1.06,0.3,0.2,0.0,True,[9.27948484]
79,4.0,0.85,1.06,0.3,0.2,0.1,True,[9.28904595]
80,4.0,0.85,1.06,0.3,0.2,0.2,True,[9.3181485]
81,4.0,0.9,1.04,0.1,0.0,0.0,True,[1.6025199]
82,4.0,0.9,1.04,0.1,0.0,0.1,True,[1.62924544]
83,4.0,0.9,1.04,0.1,0.0,0.2,True,[1.71399924]
84,4.0,0.9,1.04,0.1,0.1,0.0,True,[3.35104346]
85,4.0,0.9,1.04,0.1,0.1,0.1,True,[3.39935717]
86,4.0,0.9,1.04,0.1,0.1,0.2,True,[3.54771673]
87,4.0,0.9,1.04,0.1,0.2,0.0,True,[25.54210597]
88,4.0,0.9,1.04,0.1,0.2,0.1,True,[25.57117474]
89,4.0,0.9,1.04,0.1,0.2,0.2,True,[25.65934913]
90,4.0,0.9,1.04,0.2,0.0,0.0,True,[1.59180116]
91,4.0,0.9,1.04,0.2,0.0,0.1,True,[1.6174534]
92,4.0,0.9,1.04,0.2,0.0,0.2,True,[1.70044676]
93,4.0,0.9,1.04,0.2,0.1,0.0,True,[2.72315881]
94,4.0,0.9,1.04,0.2,0.1,0.1,True,[2.78151741]
95,4.0,0.9,1.04,0.2,0.1,0.2,True,[2.95987856]
96,4.0,0.9,1.04,0.2,0.2,0.0,True,[21.31911694]
97,4.0,0.9,1.04,0.2,0.2,0.1,True,[21.32600784]
98,4.0,0.9,1.04,0.2,0.2,0.2,True,[21.34678931]
99,4.0,0.9,1.04,0.3,0.0,0.0,True,[1.55773863]
100,4.0,0.9,1.04,0.3,0.0,0.1,True,[1.58084023]
101,4.0,0.9,1.04,0.3,0.0,0.2,True,[1.65410876]
102,4.0,0.9,1.04,0.3,0.1,0.0,True,[2.37585634]
103,4.0,0.9,1.04,0.3,0.1,0.1,True,[2.43931444]
104,4.0,0.9,1.04,0.3,0.1,0.2,True,[2.61531893]
105,4.0,0.9,1.04,0.3,0.2,0.0,True,[16.78194041]
106,4.0,0.9,1.04,0.3,0.2,0.1,True,[16.7894865]
107,4.0,0.9,1.04,0.3,0.2,0.2,True,[16.81234939]
108,4.0,0.9,1.05,0.1,0.0,0.0,True,[1.64626424]
109,4.0,0.9,1.05,0.1,0.0,0.1,True,[1.67658765]
110,4.0,0.9,1.05,0.1,0.0,0.2,True,[1.7726416]
111,4.0,0.9,1.05,0.1,0.1,0.0,True,[4.4295765]
112,4.0,0.9,1.05,0.1,0.1,0.1,True,[4.48295229]
113,4.0,0.9,1.05,0.1,0.1,0.2,True,[4.64503325]
114,4.0,0.9,1.05,0.1,0.2,0.0,True,[30.73814587]
115,4.0,0.9,1.05,0.1,0.2,0.1,True,[30.77977944]
116,4.0,0.9,1.05,0.1,0.2,0.2,True,[30.90584187]
117,4.0,0.9,1.05,0.2,0.0,0.0,True,[1.63492808]
118,4.0,0.9,1.05,0.2,0.0,0.1,True,[1.66365172]
119,4.0,0.9,1.05,0.2,0.0,0.2,True,[1.75665567]
120,4.0,0.9,1.05,0.2,0.1,0.0,True,[3.5453265]
121,4.0,0.9,1.05,0.2,0.1,0.1,True,[3.61268344]
122,4.0,0.9,1.05,0.2,0.1,0.2,True,[3.82090831]
123,4.0,0.9,1.05,0.2,0.2,0.0,True,[28.78992269]
124,4.0,0.9,1.05,0.2,0.2,0.1,True,[28.79578849]
125,4.0,0.9,1.05,0.2,0.2,0.2,True,[28.81308989]
126,4.0,0.9,1.05,0.3,0.0,0.0,True,[1.61457903]
127,4.0,0.9,1.05,0.3,0.0,0.1,True,[1.64284172]
128,4.0,0.9,1.05,0.3,0.0,0.2,True,[1.73031784]
129,4.0,0.9,1.05,0.3,0.1,0.0,True,[2.83688942]
130,4.0,0.9,1.05,0.3,0.1,0.1,True,[2.91657704]
131,4.0,0.9,1.05,0.3,0.1,0.2,True,[3.16865787]
132,4.0,0.9,1.05,0.3,0.2,0.0,True,[18.75248559]
133,4.0,0.9,1.05,0.3,0.2,0.1,True,[18.75973003]
134,4.0,0.9,1.05,0.3,0.2,0.2,True,[18.78166779]
135,4.0,0.9,1.06,0.1,0.0,0.0,True,[1.6988222]
136,4.0,0.9,1.06,0.1,0.0,0.1,True,[1.73398306]
137,4.0,0.9,1.06,0.1,0.0,0.2,True,[1.84569964]
138,4.0,0.9,1.06,0.1,0.1,0.0,True,[5.88914995]
139,4.0,0.9,1.06,0.1,0.1,0.1,True,[5.95591279]
140,4.0,0.9,1.06,0.1,0.1,0.2,True,[6.15699816]
141,4.0,0.9,1.06,0.1,0.2,0.0,True,[42.62286804]
142,4.0,0.9,1.06,0.1,0.2,0.1,True,[42.69554469]
143,4.0,0.9,1.06,0.1,0.2,0.2,True,[42.91438488]
144,4.0,0.9,1.06,0.2,0.0,0.0,True,[1.68624107]
145,4.0,0.9,1.06,0.2,0.0,0.1,True,[1.71914076]
146,4.0,0.9,1.06,0.2,0.0,0.2,True,[1.82516739]
147,4.0,0.9,1.06,0.2,0.1,0.0,True,[5.10383097]
148,4.0,0.9,1.06,0.2,0.1,0.1,True,[5.20431086]
149,4.0,0.9,1.06,0.2,0.1,0.2,True,[5.52047829]
150,4.0,0.9,1.06,0.2,0.2,0.0,True,[5.82892398]
151,4.0,0.9,1.06,0.2,0.2,0.1,True,[5.83262185]
152,4.0,0.9,1.06,0.2,0.2,0.2,True,[5.95322006]
153,4.0,0.9,1.06,0.3,0.0,0.0,True,[1.66219759]
154,4.0,0.9,1.06,0.3,0.0,0.1,True,[1.69359882]
155,4.0,0.9,1.06,0.3,0.0,0.2,True,[1.79323157]
156,4.0,0.9,1.06,0.3,0.1,0.0,True,[3.82108337]
157,4.0,0.9,1.06,0.3,0.1,0.1,True,[3.95441452]
158,4.0,0.9,1.06,0.3,0.1,0.2,True,[4.40755269]
159,4.0,0.9,1.06,0.3,0.2,0.0,True,[21.7494748]
160,4.0,0.9,1.06,0.3,0.2,0.1,True,[21.75651963]
161,4.0,0.9,1.06,0.3,0.2,0.2,True,[21.77711076]
162,4.0,0.95,1.04,0.1,0.0,0.0,True,[2.09726335]
163,4.0,0.95,1.04,0.1,0.0,0.1,True,[2.16754047]
164,4.0,0.95,1.04,0.1,0.0,0.2,True,[2.39092065]
165,4.0,0.95,1.04,0.1,0.1,0.0,True,[17.84516952]
166,4.0,0.95,1.04,0.1,0.1,0.1,True,[17.84755066]
167,4.0,0.95,1.04,0.1,0.1,0.2,True,[17.85532359]
168,4.0,0.95,1.04,0.1,0.2,0.0,True,[15.65446795]
169,4.0,0.95,1.04,0.1,0.2,0.1,True,[15.65848745]
170,4.0,0.95,1.04,0.1,0.2,0.2,True,[15.67064501]
171,4.0,0.95,1.04,0.2,0.0,0.0,True,[2.02326706]
172,4.0,0.95,1.04,0.2,0.0,0.1,True,[2.08262043]
173,4.0,0.95,1.04,0.2,0.0,0.2,True,[2.27019048]
174,4.0,0.95,1.04,0.2,0.1,0.0,True,[4.29253179]
175,4.0,0.95,1.04,0.2,0.1,0.1,True,[4.29475201]
176,4.0,0.95,1.04,0.2,0.1,0.2,True,[4.39580919]
177,4.0,0.95,1.04,0.2,0.2,0.0,True,[1.1875]
178,4.0,0.95,1.04,0.2,0.2,0.1,True,[1.21875]
179,4.0,0.95,1.04,0.2,0.2,0.2,True,[1.25]
180,4.0,0.95,1.04,0.3,0.0,0.0,True,[1.93699806]
181,4.0,0.95,1.04,0.3,0.0,0.1,True,[1.98314284]
182,4.0,0.95,1.04,0.3,0.0,0.2,True,[2.12652103]
183,4.0,0.95,1.04,0.3,0.1,0.0,True,[2.31842145]
184,4.0,0.95,1.04,0.3,0.1,0.1,True,[2.36738668]
185,4.0,0.95,1.04,0.3,0.1,0.2,True,[2.40558546]
186,4.0,0.95,1.04,0.3,0.2,0.0,True,[0.421875]
187,4.0,0.95,1.04,0.3,0.2,0.1,True,[0.44140625]
188,4.0,0.95,1.04,0.3,0.2,0.2,True,[0.46875]
189,4.0,0.95,1.05,0.1,0.0,0.0,True,[2.67348296]
190,4.0,0.95,1.05,0.1,0.0,0.1,True,[2.81608284]
191,4.0,0.95,1.05,0.1,0.0,0.2,True,[3.26882057]
192,4.0,0.95,1.05,0.1,0.1,0.0,True,[9.93904762]
193,4.0,0.95,1.05,0.1,0.1,0.1,True,[9.94163691]
194,4.0,0.95,1.05,0.1,0.1,0.2,True,[10.15316709]
195,4.0,0.95,1.05,0.1,0.2,0.0,True,[9.99323564]
196,4.0,0.95,1.05,0.1,0.2,0.1,True,[9.99741616]
197,4.0,0.95,1.05,0.1,0.2,0.2,True,[10.01010761]
198,4.0,0.95,1.05,0.2,0.0,0.0,True,[2.34626775]
199,4.0,0.95,1.05,0.2,0.0,0.1,True,[2.43570675]
200,4.0,0.95,1.05,0.2,0.0,0.2,True,[2.71962671]
201,4.0,0.95,1.05,0.2,0.1,0.0,True,[3.0331113]
202,4.0,0.95,1.05,0.2,0.1,0.1,True,[3.1058627]
203,4.0,0.95,1.05,0.2,0.1,0.2,True,[3.11187982]
204,4.0,0.95,1.05,0.2,0.2,0.0,True,[0.65625]
205,4.0,0.95,1.05,0.2,0.2,0.1,True,[0.6875]
206,4.0,0.95,1.05,0.2,0.2,0.2,True,[0.734375]
207,4.0,0.95,1.05,0.3,0.0,0.0,True,[2.13054526]
208,4.0,0.95,1.05,0.3,0.0,0.1,True,[2.19591279]
209,4.0,0.95,1.05,0.3,0.0,0.2,True,[2.40751573]
210,4.0,0.95,1.05,0.3,0.1,0.0,True,[1.88750582]
211,4.0,0.95,1.05,0.3,0.1,0.1,True,[1.92495928]
212,4.0,0.95,1.05,0.3,0.1,0.2,True,[1.92861151]
213,4.0,0.95,1.05,0.3,0.2,0.0,True,[0.296875]
214,4.0,0.95,1.05,0.3,0.2,0.1,True,[0.296875]
215,4.0,0.95,1.05,0.3,0.2,0.2,True,[0.29492188]
216,4.0,0.95,1.06,0.1,0.0,0.0,True,[4.59755062]
217,4.0,0.95,1.06,0.1,0.0,0.1,True,[4.7141945]
218,4.0,0.95,1.06,0.1,0.0,0.2,True,[5.16195437]
219,4.0,0.95,1.06,0.1,0.1,0.0,True,[6.16655224]
220,4.0,0.95,1.06,0.1,0.1,0.1,True,[6.30215365]
221,4.0,0.95,1.06,0.1,0.1,0.2,True,[6.31115125]
222,4.0,0.95,1.06,0.1,0.2,0.0,True,[7.18957802]
223,4.0,0.95,1.06,0.1,0.2,0.1,True,[7.31895251]
224,4.0,0.95,1.06,0.1,0.2,0.2,True,[7.39473013]
225,4.0,0.95,1.06,0.2,0.0,0.0,True,[3.60097201]
226,4.0,0.95,1.06,0.2,0.0,0.1,True,[3.86696004]
227,4.0,0.95,1.06,0.2,0.0,0.2,True,[5.136393]
228,4.0,0.95,1.06,0.2,0.1,0.0,True,[2.35293051]
229,4.0,0.95,1.06,0.2,0.1,0.1,True,[2.35557342]
230,4.0,0.95,1.06,0.2,0.1,0.2,True,[2.45792807]
231,4.0,0.95,1.06,0.2,0.2,0.0,True,[0.546875]
232,4.0,0.95,1.06,0.2,0.2,0.1,True,[0.5390625]
233,4.0,0.95,1.06,0.2,0.2,0.2,True,[0.578125]
234,4.0,0.95,1.06,0.3,0.0,0.0,True,[2.50974598]
235,4.0,0.95,1.06,0.3,0.0,0.1,True,[2.6120869]
236,4.0,0.95,1.06,0.3,0.0,0.2,True,[2.95318264]
237,4.0,0.95,1.06,0.3,0.1,0.0,True,[1.68935314]
238,4.0,0.95,1.06,0.3,0.1,0.1,True,[1.68990048]
239,4.0,0.95,1.06,0.3,0.1,0.2,True,[1.72543356]
240,4.0,0.95,1.06,0.3,0.2,0.0,True,[0.33984375]
241,4.0,0.95,1.06,0.3,0.2,0.1,True,[0.3359375]
242,4.0,0.95,1.06,0.3,0.2,0.2,True,[0.3359375]
243,5.0,0.85,1.04,0.1,0.0,0.0,True,[1.5974784]
244,5.0,0.85,1.04,0.1,0.0,0.1,True,[1.61926444]
245,5.0,0.85,1.04,0.1,0.0,0.2,True,[1.68970309]
246,5.0,0.85,1.04,0.1,0.1,0.0,True,[2.14597778]
247,5.0,0.85,1.04,0.1,0.1,0.1,True,[2.19647394]
248,5.0,0.85,1.04,0.1,0.1,0.2,True,[2.3513279]
249,5.0,0.85,1.04,0.1,0.2,0.0,True,[16.82602439]
250,5.0,0.85,1.04,0.1,0.2,0.1,True,[16.8520166]
251,5.0,0.85,1.04,0.1,0.2,0.2,True,[16.92992823]
252,5.0,0.85,1.04,0.2,0.0,0.0,True,[1.59894192]
253,5.0,0.85,1.04,0.2,0.0,0.1,True,[1.62064151]
254,5.0,0.85,1.04,0.2,0.0,0.2,True,[1.6906813]
255,5.0,0.85,1.04,0.2,0.1,0.0,True,[2.08113221]
256,5.0,0.85,1.04,0.2,0.1,0.1,True,[2.12987665]
257,5.0,0.85,1.04,0.2,0.1,0.2,True,[2.28041277]
258,5.0,0.85,1.04,0.2,0.2,0.0,True,[14.5069089]
259,5.0,0.85,1.04,0.2,0.2,0.1,True,[14.51539211]
260,5.0,0.85,1.04,0.2,0.2,0.2,True,[14.54120636]
261,5.0,0.85,1.04,0.3,0.0,0.0,True,[1.55739367]
262,5.0,0.85,1.04,0.3,0.0,0.1,True,[1.57652256]
263,5.0,0.85,1.04,0.3,0.0,0.2,True,[1.63728217]
264,5.0,0.85,1.04,0.3,0.1,0.0,True,[1.95218211]
265,5.0,0.85,1.04,0.3,0.1,0.1,True,[1.9916099]
266,5.0,0.85,1.04,0.3,0.1,0.2,True,[2.11133855]
267,5.0,0.85,1.04,0.3,0.2,0.0,True,[12.63447763]
268,5.0,0.85,1.04,0.3,0.2,0.1,True,[12.64350004]
269,5.0,0.85,1.04,0.3,0.2,0.2,True,[12.67086756]
270,5.0,0.85,1.05,0.1,0.0,0.0,True,[1.62137015]
271,5.0,0.85,1.05,0.1,0.0,0.1,True,[1.64551483]
272,5.0,0.85,1.05,0.1,0.0,0.2,True,[1.72241329]
273,5.0,0.85,1.05,0.1,0.1,0.0,True,[2.36639123]
274,5.0,0.85,1.05,0.1,0.1,0.1,True,[2.42344676]
275,5.0,0.85,1.05,0.1,0.1,0.2,True,[2.59669642]
276,5.0,0.85,1.05,0.1,0.2,0.0,True,[17.54931354]
277,5.0,0.85,1.05,0.1,0.2,0.1,True,[17.58115422]
278,5.0,0.85,1.05,0.1,0.2,0.2,True,[17.67637576]
279,5.0,0.85,1.05,0.2,0.0,0.0,True,[1.62380474]
280,5.0,0.85,1.05,0.2,0.0,0.1,True,[1.64765129]
281,5.0,0.85,1.05,0.2,0.0,0.2,True,[1.7236535]
282,5.0,0.85,1.05,0.2,0.1,0.0,True,[2.24837447]
283,5.0,0.85,1.05,0.2,0.1,0.1,True,[2.30486831]
284,5.0,0.85,1.05,0.2,0.1,0.2,True,[2.47955498]
285,5.0,0.85,1.05,0.2,0.2,0.0,True,[17.05487034]
286,5.0,0.85,1.05,0.2,0.2,0.1,True,[17.06269462]
287,5.0,0.85,1.05,0.2,0.2,0.2,True,[17.08673455]
288,5.0,0.85,1.05,0.3,0.0,0.0,True,[1.58468906]
289,5.0,0.85,1.05,0.3,0.0,0.1,True,[1.60561556]
290,5.0,0.85,1.05,0.3,0.0,0.2,True,[1.67249891]
291,5.0,0.85,1.05,0.3,0.1,0.0,True,[2.13566976]
292,5.0,0.85,1.05,0.3,0.1,0.1,True,[2.18060852]
293,5.0,0.85,1.05,0.3,0.1,0.2,True,[2.3136559]
294,5.0,0.85,1.05,0.3,0.2,0.0,True,[13.48630394]
295,5.0,0.85,1.05,0.3,0.2,0.1,True,[13.49512335]
296,5.0,0.85,1.05,0.3,0.2,0.2,True,[13.5217355]
297,5.0,0.85,1.06,0.1,0.0,0.0,True,[1.64817513]
298,5.0,0.85,1.06,0.1,0.0,0.1,True,[1.67418149]
299,5.0,0.85,1.06,0.1,0.0,0.2,True,[1.75869996]
300,5.0,0.85,1.06,0.1,0.1,0.0,True,[2.67938478]
301,5.0,0.85,1.06,0.1,0.1,0.1,True,[2.74238784]
302,5.0,0.85,1.06,0.1,0.1,0.2,True,[2.93190862]
303,5.0,0.85,1.06,0.1,0.2,0.0,True,[18.68506137]
304,5.0,0.85,1.06,0.1,0.2,0.1,True,[18.72422886]
305,5.0,0.85,1.06,0.1,0.2,0.2,True,[18.84223929]
306,5.0,0.85,1.06,0.2,0.0,0.0,True,[1.6514608]
307,5.0,0.85,1.06,0.2,0.0,0.1,True,[1.67710191]
308,5.0,0.85,1.06,0.2,0.0,0.2,True,[1.76002495]
309,5.0,0.85,1.06,0.2,0.1,0.0,True,[2.48684485]
310,5.0,0.85,1.06,0.2,0.1,0.1,True,[2.55347362]
311,5.0,0.85,1.06,0.2,0.1,0.2,True,[2.75923038]
312,5.0,0.85,1.06,0.2,0.2,0.0,True,[21.46491365]
313,5.0,0.85,1.06,0.2,0.2,0.1,True,[21.47192654]
314,5.0,0.85,1.06,0.2,0.2,0.2,True,[21.49300985]
315,5.0,0.85,1.06,0.3,0.0,0.0,True,[1.62389869]
316,5.0,0.85,1.06,0.3,0.0,0.1,True,[1.64779459]
317,5.0,0.85,1.06,0.3,0.0,0.2,True,[1.72287075]
318,5.0,0.85,1.06,0.3,0.1,0.0,True,[2.35800454]
319,5.0,0.85,1.06,0.3,0.1,0.1,True,[2.42771559]
320,5.0,0.85,1.06,0.3,0.1,0.2,True,[2.65117447]
321,5.0,0.85,1.06,0.3,0.2,0.0,True,[14.67994231]
322,5.0,0.85,1.06,0.3,0.2,0.1,True,[14.68844794]
323,5.0,0.85,1.06,0.3,0.2,0.2,True,[14.71421336]
324,5.0,0.9,1.04,0.1,0.0,0.0,True,[1.74966531]
325,5.0,0.9,1.04,0.1,0.0,0.1,True,[1.78383066]
326,5.0,0.9,1.04,0.1,0.0,0.2,True,[1.89348254]
327,5.0,0.9,1.04,0.1,0.1,0.0,True,[8.87459844]
328,5.0,0.9,1.04,0.1,0.1,0.1,True,[8.93631533]
329,5.0,0.9,1.04,0.1,0.1,0.2,True,[9.12445754]
330,5.0,0.9,1.04,0.1,0.2,0.0,True,[114.03268253]
331,5.0,0.9,1.04,0.1,0.2,0.1,True,[114.23284112]
332,5.0,0.9,1.04,0.1,0.2,0.2,True,[114.84374789]
333,5.0,0.9,1.04,0.2,0.0,0.0,True,[1.75221787]
334,5.0,0.9,1.04,0.2,0.0,0.1,True,[1.78492065]
335,5.0,0.9,1.04,0.2,0.0,0.2,True,[1.88978528]
336,5.0,0.9,1.04,0.2,0.1,0.0,True,[10.43256363]
337,5.0,0.9,1.04,0.2,0.1,0.1,True,[10.452484]
338,5.0,0.9,1.04,0.2,0.1,0.2,True,[10.51315589]
339,5.0,0.9,1.04,0.2,0.2,0.0,True,[29.98807534]
340,5.0,0.9,1.04,0.2,0.2,0.1,True,[29.99440463]
341,5.0,0.9,1.04,0.2,0.2,0.2,True,[30.01351402]
342,5.0,0.9,1.04,0.3,0.0,0.0,True,[1.68680324]
343,5.0,0.9,1.04,0.3,0.0,0.1,True,[1.71464276]
344,5.0,0.9,1.04,0.3,0.0,0.2,True,[1.80284961]
345,5.0,0.9,1.04,0.3,0.1,0.0,True,[6.85602694]
346,5.0,0.9,1.04,0.3,0.1,0.1,True,[6.8764657]
347,5.0,0.9,1.04,0.3,0.1,0.2,True,[6.93834413]
348,5.0,0.9,1.04,0.3,0.2,0.0,True,[24.50498917]
349,5.0,0.9,1.04,0.3,0.2,0.1,True,[24.51204396]
350,5.0,0.9,1.04,0.3,0.2,0.2,True,[24.53328974]
351,5.0,0.9,1.05,0.1,0.0,0.0,True,[1.8019063]
352,5.0,0.9,1.05,0.1,0.0,0.1,True,[1.84098225]
353,5.0,0.9,1.05,0.1,0.0,0.2,True,[1.96591816]
354,5.0,0.9,1.05,0.1,0.1,0.0,True,[11.31758221]
355,5.0,0.9,1.05,0.1,0.1,0.1,True,[11.40866271]
356,5.0,0.9,1.05,0.1,0.1,0.2,True,[11.6868707]
357,5.0,0.9,1.05,0.1,0.2,0.0,True,[72.26623977]
358,5.0,0.9,1.05,0.1,0.2,0.1,True,[71.9925259]
359,5.0,0.9,1.05,0.1,0.2,0.2,True,[71.74128707]
360,5.0,0.9,1.05,0.2,0.0,0.0,True,[1.80259994]
361,5.0,0.9,1.05,0.2,0.0,0.1,True,[1.83982951]
362,5.0,0.9,1.05,0.2,0.0,0.2,True,[1.95931565]
363,5.0,0.9,1.05,0.2,0.1,0.0,True,[16.33449581]
364,5.0,0.9,1.05,0.2,0.1,0.1,True,[16.35182267]
365,5.0,0.9,1.05,0.2,0.1,0.2,True,[16.40494195]
366,5.0,0.9,1.05,0.2,0.2,0.0,True,[2.91991453]
367,5.0,0.9,1.05,0.2,0.2,0.1,True,[2.9248315]
368,5.0,0.9,1.05,0.2,0.2,0.2,True,[3.01002101]
369,5.0,0.9,1.05,0.3,0.0,0.0,True,[1.7466135]
370,5.0,0.9,1.05,0.3,0.0,0.1,True,[1.77828837]
371,5.0,0.9,1.05,0.3,0.0,0.2,True,[1.87909644]
372,5.0,0.9,1.05,0.3,0.1,0.0,True,[8.44783141]
373,5.0,0.9,1.05,0.3,0.1,0.1,True,[8.46719593]
374,5.0,0.9,1.05,0.3,0.1,0.2,True,[8.52549446]
375,5.0,0.9,1.05,0.3,0.2,0.0,True,[26.91811037]
376,5.0,0.9,1.05,0.3,0.2,0.1,True,[26.92479809]
377,5.0,0.9,1.05,0.3,0.2,0.2,True,[26.94501562]
378,5.0,0.9,1.06,0.1,0.0,0.0,True,[1.86685864]
379,5.0,0.9,1.06,0.1,0.0,0.1,True,[1.91204548]
380,5.0,0.9,1.06,0.1,0.0,0.2,True,[2.05646683]
381,5.0,0.9,1.06,0.1,0.1,0.0,True,[17.13618082]
382,5.0,0.9,1.06,0.1,0.1,0.1,True,[17.34486549]
383,5.0,0.9,1.06,0.1,0.1,0.2,True,[17.98123152]
384,5.0,0.9,1.06,0.1,0.2,0.0,True,[34.00428753]
385,5.0,0.9,1.06,0.1,0.2,0.1,True,[34.16613054]
386,5.0,0.9,1.06,0.1,0.2,0.2,True,[34.79416042]
387,5.0,0.9,1.06,0.2,0.0,0.0,True,[1.8640661]
388,5.0,0.9,1.06,0.2,0.0,0.1,True,[1.90681497]
389,5.0,0.9,1.06,0.2,0.0,0.2,True,[2.04562287]
390,5.0,0.9,1.06,0.2,0.1,0.0,True,[6.12360995]
391,5.0,0.9,1.06,0.2,0.1,0.1,True,[6.12889113]
392,5.0,0.9,1.06,0.2,0.1,0.2,True,[6.14419057]
393,5.0,0.9,1.06,0.2,0.2,0.0,True,[2.01680164]
394,5.0,0.9,1.06,0.2,0.2,0.1,True,[2.02185932]
395,5.0,0.9,1.06,0.2,0.2,0.2,True,[2.07623487]
396,5.0,0.9,1.06,0.3,0.0,0.0,True,[1.84226725]
397,5.0,0.9,1.06,0.3,0.0,0.1,True,[1.88057268]
398,5.0,0.9,1.06,0.3,0.0,0.2,True,[2.0007769]
399,5.0,0.9,1.06,0.3,0.1,0.0,True,[10.85708494]
400,5.0,0.9,1.06,0.3,0.1,0.1,True,[10.875047]
401,5.0,0.9,1.06,0.3,0.1,0.2,True,[10.92894159]
402,5.0,0.9,1.06,0.3,0.2,0.0,True,[30.52959748]
403,5.0,0.9,1.06,0.3,0.2,0.1,True,[30.535736]
404,5.0,0.9,1.06,0.3,0.2,0.2,True,[30.55439547]
405,5.0,0.95,1.04,0.1,0.0,0.0,True,[2.30657024]
406,5.0,0.95,1.04,0.1,0.0,0.1,True,[2.39295151]
407,5.0,0.95,1.04,0.1,0.0,0.2,True,[2.6702255]
408,5.0,0.95,1.04,0.1,0.1,0.0,True,[9.55022069]
409,5.0,0.95,1.04,0.1,0.1,0.1,True,[9.55245254]
410,5.0,0.95,1.04,0.1,0.1,0.2,True,[9.77834103]
411,5.0,0.95,1.04,0.1,0.2,0.0,True,[6.96875]
412,5.0,0.95,1.04,0.1,0.2,0.1,True,[6.96875]
413,5.0,0.95,1.04,0.1,0.2,0.2,True,[7.1328125]
414,5.0,0.95,1.04,0.2,0.0,0.0,True,[2.24064868]
415,5.0,0.95,1.04,0.2,0.0,0.1,True,[2.31529426]
416,5.0,0.95,1.04,0.2,0.0,0.2,True,[2.55336989]
417,5.0,0.95,1.04,0.2,0.1,0.0,True,[1.3863327]
418,5.0,0.95,1.04,0.2,0.1,0.1,True,[1.36469542]
419,5.0,0.95,1.04,0.2,0.1,0.2,True,[1.43274982]
420,5.0,0.95,1.04,0.2,0.2,0.0,True,[0.23828125]
421,5.0,0.95,1.04,0.2,0.2,0.1,True,[0.23828125]
422,5.0,0.95,1.04,0.2,0.2,0.2,True,[0.23828125]
423,5.0,0.95,1.04,0.3,0.0,0.0,True,[2.06393853]
424,5.0,0.95,1.04,0.3,0.0,0.1,True,[2.11709362]
425,5.0,0.95,1.04,0.3,0.0,0.2,True,[2.28092073]
426,5.0,0.95,1.04,0.3,0.1,0.0,True,[1.0625]
427,5.0,0.95,1.04,0.3,0.1,0.1,True,[1.0625]
428,5.0,0.95,1.04,0.3,0.1,0.2,True,[1.0859375]
429,5.0,0.95,1.04,0.3,0.2,0.0,True,[60.84547782]
430,5.0,0.95,1.04,0.3,0.2,0.1,True,[60.84918214]
431,5.0,0.95,1.04,0.3,0.2,0.2,True,[60.86040184]
432,5.0,0.95,1.05,0.1,0.0,0.0,True,[2.94593149]
433,5.0,0.95,1.05,0.1,0.0,0.1,True,[3.12745861]
434,5.0,0.95,1.05,0.1,0.0,0.2,True,[3.72897359]
435,5.0,0.95,1.05,0.1,0.1,0.0,True,[6.64707766]
436,5.0,0.95,1.05,0.1,0.1,0.1,True,[6.71212638]
437,5.0,0.95,1.05,0.1,0.1,0.2,True,[6.81408107]
438,5.0,0.95,1.05,0.1,0.2,0.0,True,[5.90963272]
439,5.0,0.95,1.05,0.1,0.2,0.1,True,[5.91532804]
440,5.0,0.95,1.05,0.1,0.2,0.2,True,[5.93257618]
441,5.0,0.95,1.05,0.2,0.0,0.0,True,[2.60473414]
442,5.0,0.95,1.05,0.2,0.0,0.1,True,[2.71982948]
443,5.0,0.95,1.05,0.2,0.0,0.2,True,[3.10186097]
444,5.0,0.95,1.05,0.2,0.1,0.0,True,[1.32279618]
445,5.0,0.95,1.05,0.2,0.1,0.1,True,[1.32487974]
446,5.0,0.95,1.05,0.2,0.1,0.2,True,[1.36265415]
447,5.0,0.95,1.05,0.2,0.2,0.0,True,[0.265625]
448,5.0,0.95,1.05,0.2,0.2,0.1,True,[0.265625]
449,5.0,0.95,1.05,0.2,0.2,0.2,True,[0.265625]
450,5.0,0.95,1.05,0.3,0.0,0.0,True,[2.41422399]
451,5.0,0.95,1.05,0.3,0.0,0.1,True,[2.49393689]
452,5.0,0.95,1.05,0.3,0.0,0.2,True,[2.71592522]
453,5.0,0.95,1.05,0.3,0.1,0.0,True,[1.0625]
454,5.0,0.95,1.05,0.3,0.1,0.1,True,[1.0625]
455,5.0,0.95,1.05,0.3,0.1,0.2,True,[1.046875]
456,5.0,0.95,1.05,0.3,0.2,0.0,True,[0.2265625]
457,5.0,0.95,1.05,0.3,0.2,0.1,True,[0.2265625]
458,5.0,0.95,1.05,0.3,0.2,0.2,True,[0.2265625]
459,5.0,0.95,1.06,0.1,0.0,0.0,True,[4.49892319]
460,5.0,0.95,1.06,0.1,0.0,0.1,True,[4.59653125]
461,5.0,0.95,1.06,0.1,0.0,0.2,True,[5.03786898]
462,5.0,0.95,1.06,0.1,0.1,0.0,True,[4.91000096]
463,5.0,0.95,1.06,0.1,0.1,0.1,True,[4.89725439]
464,5.0,0.95,1.06,0.1,0.1,0.2,True,[5.02371148]
465,5.0,0.95,1.06,0.1,0.2,0.0,True,[5.08534422]
466,5.0,0.95,1.06,0.1,0.2,0.1,True,[5.09118582]
467,5.0,0.95,1.06,0.1,0.2,0.2,True,[5.12448933]
468,5.0,0.95,1.06,0.2,0.0,0.0,True,[4.40526097]
469,5.0,0.95,1.06,0.2,0.0,0.1,True,[4.95612734]
470,5.0,0.95,1.06,0.2,0.0,0.2,True,[5.18989929]
471,5.0,0.95,1.06,0.2,0.1,0.0,True,[1.35908285]
472,5.0,0.95,1.06,0.2,0.1,0.1,True,[1.35953493]
473,5.0,0.95,1.06,0.2,0.1,0.2,True,[1.39641489]
474,5.0,0.95,1.06,0.2,0.2,0.0,True,[0.2890625]
475,5.0,0.95,1.06,0.2,0.2,0.1,True,[0.2890625]
476,5.0,0.95,1.06,0.2,0.2,0.2,True,[0.2890625]
477,5.0,0.95,1.06,0.3,0.0,0.0,True,[2.91693921]
478,5.0,0.95,1.06,0.3,0.0,0.1,True,[3.09131826]
479,5.0,0.95,1.06,0.3,0.0,0.2,True,[3.84806126]
480,5.0,0.95,1.06,0.3,0.1,0.0,True,[1.078125]
481,5.0,0.95,1.06,0.3,0.1,0.1,True,[1.078125]
482,5.0,0.95,1.06,0.3,0.1,0.2,True,[1.078125]
483,5.0,0.95,1.06,0.3,0.2,0.0,True,[0.23828125]
484,5.0,0.95,1.06,0.3,0.2,0.1,True,[0.23828125]
485,5.0,0.95,1.06,0.3,0.2,0.2,True,[0.23828125]
486,6.0,0.85,1.04,0.1,0.0,0.0,True,[1.73086062]
487,6.0,0.85,1.04,0.1,0.0,0.1,True,[1.75910926]
488,6.0,0.85,1.04,0.1,0.0,0.2,True,[1.84876111]
489,6.0,0.85,1.04,0.1,0.1,0.0,True,[4.36883996]
490,6.0,0.85,1.04,0.1,0.1,0.1,True,[4.42293624]
491,6.0,0.85,1.04,0.1,0.1,0.2,True,[4.58624857]
492,6.0,0.85,1.04,0.1,0.2,0.0,True,[39.44373939]
493,6.0,0.85,1.04,0.1,0.2,0.1,True,[39.49050781]
494,6.0,0.85,1.04,0.1,0.2,0.2,True,[39.63070099]
495,6.0,0.85,1.04,0.2,0.0,0.0,True,[1.73838652]
496,6.0,0.85,1.04,0.2,0.0,0.1,True,[1.76649]
497,6.0,0.85,1.04,0.2,0.0,0.2,True,[1.85486565]
498,6.0,0.85,1.04,0.2,0.1,0.0,True,[4.93676449]
499,6.0,0.85,1.04,0.2,0.1,0.1,True,[5.03486966]
500,6.0,0.85,1.04,0.2,0.1,0.2,True,[5.23108393]
501,6.0,0.85,1.04,0.2,0.2,0.0,True,[19.98580431]
502,6.0,0.85,1.04,0.2,0.2,0.1,True,[19.99394405]
503,6.0,0.85,1.04,0.2,0.2,0.2,True,[20.01832969]
504,6.0,0.85,1.04,0.3,0.0,0.0,True,[1.67382723]
505,6.0,0.85,1.04,0.3,0.0,0.1,True,[1.69753438]
506,6.0,0.85,1.04,0.3,0.0,0.2,True,[1.77271171]
507,6.0,0.85,1.04,0.3,0.1,0.0,True,[3.77383872]
508,6.0,0.85,1.04,0.3,0.1,0.1,True,[3.80442839]
509,6.0,0.85,1.04,0.3,0.1,0.2,True,[3.89801733]
510,6.0,0.85,1.04,0.3,0.2,0.0,True,[17.71559511]
511,6.0,0.85,1.04,0.3,0.2,0.1,True,[17.72407286]
512,6.0,0.85,1.04,0.3,0.2,0.2,True,[17.74972768]
513,6.0,0.85,1.05,0.1,0.0,0.0,True,[1.76224464]
514,6.0,0.85,1.05,0.1,0.0,0.1,True,[1.79245792]
515,6.0,0.85,1.05,0.1,0.0,0.2,True,[1.88979315]
516,6.0,0.85,1.05,0.1,0.1,0.0,True,[4.8869197]
517,6.0,0.85,1.05,0.1,0.1,0.1,True,[4.95047449]
518,6.0,0.85,1.05,0.1,0.1,0.2,True,[5.14169189]
519,6.0,0.85,1.05,0.1,0.2,0.0,True,[45.12780156]
520,6.0,0.85,1.05,0.1,0.2,0.1,True,[45.19989526]
521,6.0,0.85,1.05,0.1,0.2,0.2,True,[45.41586476]
522,6.0,0.85,1.05,0.2,0.0,0.0,True,[1.7765265]
523,6.0,0.85,1.05,0.2,0.0,0.1,True,[1.80683184]
524,6.0,0.85,1.05,0.2,0.0,0.2,True,[1.90371135]
525,6.0,0.85,1.05,0.2,0.1,0.0,True,[6.68943325]
526,6.0,0.85,1.05,0.2,0.1,0.1,True,[6.85927701]
527,6.0,0.85,1.05,0.2,0.1,0.2,True,[7.00555623]
528,6.0,0.85,1.05,0.2,0.2,0.0,True,[23.04910877]
529,6.0,0.85,1.05,0.2,0.2,0.1,True,[23.05641035]
530,6.0,0.85,1.05,0.2,0.2,0.2,True,[23.07875187]
531,6.0,0.85,1.05,0.3,0.0,0.0,True,[1.70378083]
532,6.0,0.85,1.05,0.3,0.0,0.1,True,[1.7291187]
533,6.0,0.85,1.05,0.3,0.0,0.2,True,[1.81012477]
534,6.0,0.85,1.05,0.3,0.1,0.0,True,[4.39426628]
535,6.0,0.85,1.05,0.3,0.1,0.1,True,[4.42293717]
536,6.0,0.85,1.05,0.3,0.1,0.2,True,[4.5107421]
537,6.0,0.85,1.05,0.3,0.2,0.0,True,[18.74605013]
538,6.0,0.85,1.05,0.3,0.2,0.1,True,[18.75448358]
539,6.0,0.85,1.05,0.3,0.2,0.2,True,[18.77959073]
540,6.0,0.85,1.06,0.1,0.0,0.0,True,[1.79656312]
541,6.0,0.85,1.06,0.1,0.0,0.1,True,[1.82942987]
542,6.0,0.85,1.06,0.1,0.0,0.2,True,[1.93533564]
543,6.0,0.85,1.06,0.1,0.1,0.0,True,[5.49803407]
544,6.0,0.85,1.06,0.1,0.1,0.1,True,[5.57365533]
545,6.0,0.85,1.06,0.1,0.1,0.2,True,[5.80204001]
546,6.0,0.85,1.06,0.1,0.2,0.0,True,[59.5356715]
547,6.0,0.85,1.06,0.1,0.2,0.1,True,[59.67221901]
548,6.0,0.85,1.06,0.1,0.2,0.2,True,[60.08608849]
549,6.0,0.85,1.06,0.2,0.0,0.0,True,[1.81112726]
550,6.0,0.85,1.06,0.2,0.0,0.1,True,[1.84415048]
551,6.0,0.85,1.06,0.2,0.0,0.2,True,[1.9508372]
552,6.0,0.85,1.06,0.2,0.1,0.0,True,[9.97759267]
553,6.0,0.85,1.06,0.2,0.1,0.1,True,[10.00575455]
554,6.0,0.85,1.06,0.2,0.1,0.2,True,[10.08877725]
555,6.0,0.85,1.06,0.2,0.2,0.0,True,[28.27270551]
556,6.0,0.85,1.06,0.2,0.2,0.1,True,[28.27908913]
557,6.0,0.85,1.06,0.2,0.2,0.2,True,[28.29825981]
558,6.0,0.85,1.06,0.3,0.0,0.0,True,[1.74510587]
559,6.0,0.85,1.06,0.3,0.0,0.1,True,[1.773404]
560,6.0,0.85,1.06,0.3,0.0,0.2,True,[1.86296204]
561,6.0,0.85,1.06,0.3,0.1,0.0,True,[5.25712561]
562,6.0,0.85,1.06,0.3,0.1,0.1,True,[5.28393311]
563,6.0,0.85,1.06,0.3,0.1,0.2,True,[5.36547203]
564,6.0,0.85,1.06,0.3,0.2,0.0,True,[20.19550762]
565,6.0,0.85,1.06,0.3,0.2,0.1,True,[20.20347733]
566,6.0,0.85,1.06,0.3,0.2,0.2,True,[20.22766712]
567,6.0,0.9,1.04,0.1,0.0,0.0,True,[1.91149772]
568,6.0,0.9,1.04,0.1,0.0,0.1,True,[1.95176883]
569,6.0,0.9,1.04,0.1,0.0,0.2,True,[2.08144719]
570,6.0,0.9,1.04,0.1,0.1,0.0,True,[37.79976817]
571,6.0,0.9,1.04,0.1,0.1,0.1,True,[37.81428384]
572,6.0,0.9,1.04,0.1,0.1,0.2,True,[37.80003641]
573,6.0,0.9,1.04,0.1,0.2,0.0,True,[24.48976745]
574,6.0,0.9,1.04,0.1,0.2,0.1,True,[24.35926046]
575,6.0,0.9,1.04,0.1,0.2,0.2,True,[24.40002415]
576,6.0,0.9,1.04,0.2,0.0,0.0,True,[1.92511525]
577,6.0,0.9,1.04,0.2,0.0,0.1,True,[1.96565294]
578,6.0,0.9,1.04,0.2,0.0,0.2,True,[2.09664781]
579,6.0,0.9,1.04,0.2,0.1,0.0,True,[18.37963226]
580,6.0,0.9,1.04,0.2,0.1,0.1,True,[18.39493762]
581,6.0,0.9,1.04,0.2,0.1,0.2,True,[18.44109524]
582,6.0,0.9,1.04,0.2,0.2,0.0,True,[38.14693733]
583,6.0,0.9,1.04,0.2,0.2,0.1,True,[38.15295362]
584,6.0,0.9,1.04,0.2,0.2,0.2,True,[38.17107958]
585,6.0,0.9,1.04,0.3,0.0,0.0,True,[1.81783324]
586,6.0,0.9,1.04,0.3,0.0,0.1,True,[1.85015281]
587,6.0,0.9,1.04,0.3,0.0,0.2,True,[1.95314161]
588,6.0,0.9,1.04,0.3,0.1,0.0,True,[13.5833056]
589,6.0,0.9,1.04,0.3,0.1,0.1,True,[13.60035817]
590,6.0,0.9,1.04,0.3,0.1,0.2,True,[13.65187214]
591,6.0,0.9,1.04,0.3,0.2,0.0,True,[31.95895521]
592,6.0,0.9,1.04,0.3,0.2,0.1,True,[31.96565734]
593,6.0,0.9,1.04,0.3,0.2,0.2,True,[31.98580997]
594,6.0,0.9,1.05,0.1,0.0,0.0,True,[1.97290895]
595,6.0,0.9,1.05,0.1,0.0,0.1,True,[2.01882211]
596,6.0,0.9,1.05,0.1,0.0,0.2,True,[2.16731837]
597,6.0,0.9,1.05,0.1,0.1,0.0,True,[23.88252375]
598,6.0,0.9,1.05,0.1,0.1,0.1,True,[23.89881723]
599,6.0,0.9,1.05,0.1,0.1,0.2,True,[23.909957]
600,6.0,0.9,1.05,0.1,0.2,0.0,True,[17.78779086]
601,6.0,0.9,1.05,0.1,0.2,0.1,True,[17.86046285]
602,6.0,0.9,1.05,0.1,0.2,0.2,True,[17.69722068]
603,6.0,0.9,1.05,0.2,0.0,0.0,True,[1.9880708]
604,6.0,0.9,1.05,0.2,0.0,0.1,True,[2.0343179]
605,6.0,0.9,1.05,0.2,0.0,0.2,True,[2.18469361]
606,6.0,0.9,1.05,0.2,0.1,0.0,True,[3.61981428]
607,6.0,0.9,1.05,0.2,0.1,0.1,True,[3.65425497]
608,6.0,0.9,1.05,0.2,0.1,0.2,True,[3.73898178]
609,6.0,0.9,1.05,0.2,0.2,0.0,True,[1.09375]
610,6.0,0.9,1.05,0.2,0.2,0.1,True,[1.125]
611,6.0,0.9,1.05,0.2,0.2,0.2,True,[1.15625]
612,6.0,0.9,1.05,0.3,0.0,0.0,True,[1.87810097]
613,6.0,0.9,1.05,0.3,0.0,0.1,True,[1.91461044]
614,6.0,0.9,1.05,0.3,0.0,0.2,True,[2.02962044]
615,6.0,0.9,1.05,0.3,0.1,0.0,True,[1.97927297]
616,6.0,0.9,1.05,0.3,0.1,0.1,True,[1.98216333]
617,6.0,0.9,1.05,0.3,0.1,0.2,True,[15.74730054]
618,6.0,0.9,1.05,0.3,0.2,0.0,True,[34.65906372]
619,6.0,0.9,1.05,0.3,0.2,0.1,True,[34.66550672]
620,6.0,0.9,1.05,0.3,0.2,0.2,True,[34.68479562]
621,6.0,0.9,1.06,0.1,0.0,0.0,True,[2.04721171]
622,6.0,0.9,1.06,0.1,0.0,0.1,True,[2.10065455]
623,6.0,0.9,1.06,0.1,0.0,0.2,True,[2.27526578]
624,6.0,0.9,1.06,0.1,0.1,0.0,True,[16.57201901]
625,6.0,0.9,1.06,0.1,0.1,0.1,True,[16.57256806]
626,6.0,0.9,1.06,0.1,0.1,0.2,True,[16.92468071]
627,6.0,0.9,1.06,0.1,0.2,0.0,True,[14.0394372]
628,6.0,0.9,1.06,0.1,0.2,0.1,True,[14.07711904]
629,6.0,0.9,1.06,0.1,0.2,0.2,True,[14.10143121]
630,6.0,0.9,1.06,0.2,0.0,0.0,True,[2.06412705]
631,6.0,0.9,1.06,0.2,0.0,0.1,True,[2.11803641]
632,6.0,0.9,1.06,0.2,0.0,0.2,True,[2.29435034]
633,6.0,0.9,1.06,0.2,0.1,0.0,True,[3.00358211]
634,6.0,0.9,1.06,0.2,0.1,0.1,True,[3.00707447]
635,6.0,0.9,1.06,0.2,0.1,0.2,True,[3.08884882]
636,6.0,0.9,1.06,0.2,0.2,0.0,True,[0.6875]
637,6.0,0.9,1.06,0.2,0.2,0.1,True,[0.71875]
638,6.0,0.9,1.06,0.2,0.2,0.2,True,[0.8125]
639,6.0,0.9,1.06,0.3,0.0,0.0,True,[1.97160031]
640,6.0,0.9,1.06,0.3,0.0,0.1,True,[2.01470101]
641,6.0,0.9,1.06,0.3,0.0,0.2,True,[2.14968585]
642,6.0,0.9,1.06,0.3,0.1,0.0,True,[1.79548575]
643,6.0,0.9,1.06,0.3,0.1,0.1,True,[1.79273809]
644,6.0,0.9,1.06,0.3,0.1,0.2,True,[1.83812153]
645,6.0,0.9,1.06,0.3,0.2,0.0,True,[38.73620686]
646,6.0,0.9,1.06,0.3,0.2,0.1,True,[38.74221962]
647,6.0,0.9,1.06,0.3,0.2,0.2,True,[38.76044725]
648,6.0,0.95,1.04,0.1,0.0,0.0,True,[2.52322656]
649,6.0,0.95,1.04,0.1,0.0,0.1,True,[2.62895307]
650,6.0,0.95,1.04,0.1,0.0,0.2,True,[2.96742351]
651,6.0,0.95,1.04,0.1,0.1,0.0,True,[5.52254201]
652,6.0,0.95,1.04,0.1,0.1,0.1,True,[5.52506399]
653,6.0,0.95,1.04,0.1,0.1,0.2,True,[5.64219676]
654,6.0,0.95,1.04,0.1,0.2,0.0,True,[3.34375]
655,6.0,0.95,1.04,0.1,0.2,0.1,True,[3.375]
656,6.0,0.95,1.04,0.1,0.2,0.2,True,[3.421875]
657,6.0,0.95,1.04,0.2,0.0,0.0,True,[2.49058909]
658,6.0,0.95,1.04,0.2,0.0,0.1,True,[2.58319364]
659,6.0,0.95,1.04,0.2,0.0,0.2,True,[2.89005428]
660,6.0,0.95,1.04,0.2,0.1,0.0,True,[0.87597656]
661,6.0,0.95,1.04,0.2,0.1,0.1,True,[0.87597656]
662,6.0,0.95,1.04,0.2,0.1,0.2,True,[0.87402344]
663,6.0,0.95,1.04,0.2,0.2,0.0,True,[0.203125]
664,6.0,0.95,1.04,0.2,0.2,0.1,True,[0.203125]
665,6.0,0.95,1.04,0.2,0.2,0.2,True,[0.203125]
666,6.0,0.95,1.04,0.3,0.0,0.0,True,[2.19484908]
667,6.0,0.95,1.04,0.3,0.0,0.1,True,[2.25483256]
668,6.0,0.95,1.04,0.3,0.0,0.2,True,[2.44160145]
669,6.0,0.95,1.04,0.3,0.1,0.0,True,[0.7109375]
670,6.0,0.95,1.04,0.3,0.1,0.1,True,[0.7109375]
671,6.0,0.95,1.04,0.3,0.1,0.2,True,[0.71484375]
672,6.0,0.95,1.04,0.3,0.2,0.0,True,[71.91014682]
673,6.0,0.95,1.04,0.3,0.2,0.1,True,[71.91311359]
674,6.0,0.95,1.04,0.3,0.2,0.2,True,[71.92258815]
675,6.0,0.95,1.05,0.1,0.0,0.0,True,[3.26092073]
676,6.0,0.95,1.05,0.1,0.0,0.1,True,[3.49576876]
677,6.0,0.95,1.05,0.1,0.0,0.2,True,[4.36275348]
678,6.0,0.95,1.05,0.1,0.1,0.0,True,[4.5504904]
679,6.0,0.95,1.05,0.1,0.1,0.1,True,[4.52204525]
680,6.0,0.95,1.05,0.1,0.1,0.2,True,[4.65585266]
681,6.0,0.95,1.05,0.1,0.2,0.0,True,[3.5]
682,6.0,0.95,1.05,0.1,0.2,0.1,True,[3.5]
683,6.0,0.95,1.05,0.1,0.2,0.2,True,[3.59375]
684,6.0,0.95,1.05,0.2,0.0,0.0,True,[2.93796864]
685,6.0,0.95,1.05,0.2,0.0,0.1,True,[3.09781196]
686,6.0,0.95,1.05,0.2,0.0,0.2,True,[3.6699257]
687,6.0,0.95,1.05,0.2,0.1,0.0,True,[0.9375]
688,6.0,0.95,1.05,0.2,0.1,0.1,True,[0.9375]
689,6.0,0.95,1.05,0.2,0.1,0.2,True,[0.9375]
690,6.0,0.95,1.05,0.2,0.2,0.0,True,[0.21484375]
691,6.0,0.95,1.05,0.2,0.2,0.1,True,[0.21484375]
692,6.0,0.95,1.05,0.2,0.2,0.2,True,[0.21484375]
693,6.0,0.95,1.05,0.3,0.0,0.0,True,[2.51491939]
694,6.0,0.95,1.05,0.3,0.0,0.1,True,[2.5960459]
695,6.0,0.95,1.05,0.3,0.0,0.2,True,[2.84306634]
696,6.0,0.95,1.05,0.3,0.1,0.0,True,[0.734375]
697,6.0,0.95,1.05,0.3,0.1,0.1,True,[0.734375]
698,6.0,0.95,1.05,0.3,0.1,0.2,True,[0.734375]
699,6.0,0.95,1.05,0.3,0.2,0.0,True,[82.70890194]
700,6.0,0.95,1.05,0.3,0.2,0.1,True,[82.71007515]
701,6.0,0.95,1.05,0.3,0.2,0.2,True,[82.71431582]
702,6.0,0.95,1.06,0.1,0.0,0.0,True,[4.48740878]
703,6.0,0.95,1.06,0.1,0.0,0.1,True,[4.59024768]
704,6.0,0.95,1.06,0.1,0.0,0.2,True,[4.92456294]
705,6.0,0.95,1.06,0.1,0.1,0.0,True,[3.79129655]
706,6.0,0.95,1.06,0.1,0.1,0.1,True,[3.79442196]
707,6.0,0.95,1.06,0.1,0.1,0.2,True,[3.92927697]
708,6.0,0.95,1.06,0.1,0.2,0.0,True,[3.47097015]
709,6.0,0.95,1.06,0.1,0.2,0.1,True,[3.54101627]
710,6.0,0.95,1.06,0.1,0.2,0.2,True,[3.56392127]
711,6.0,0.95,1.06,0.2,0.0,0.0,True,[4.60130415]
712,6.0,0.95,1.06,0.2,0.0,0.1,True,[4.61450074]
713,6.0,0.95,1.06,0.2,0.0,0.2,True,[4.82129577]
714,6.0,0.95,1.06,0.2,0.1,0.0,True,[1.0078125]
715,6.0,0.95,1.06,0.2,0.1,0.1,True,[1.0078125]
716,6.0,0.95,1.06,0.2,0.1,0.2,True,[1.0078125]
717,6.0,0.95,1.06,0.2,0.2,0.0,True,[0.23828125]
718,6.0,0.95,1.06,0.2,0.2,0.1,True,[0.23828125]
719,6.0,0.95,1.06,0.2,0.2,0.2,True,[0.2265625]
720,6.0,0.95,1.06,0.3,0.0,0.0,True,[3.47749722]
721,6.0,0.95,1.06,0.3,0.0,0.1,True,[3.60331788]
722,6.0,0.95,1.06,0.3,0.0,0.2,True,[3.97391963]
723,6.0,0.95,1.06,0.3,0.1,0.0,True,[0.78515625]
724,6.0,0.95,1.06,0.3,0.1,0.1,True,[0.78222656]
725,6.0,0.95,1.06,0.3,0.1,0.2,True,[0.78222656]
726,6.0,0.95,1.06,0.3,0.2,0.0,True,[0.19140625]
727,6.0,0.95,1.06,0.3,0.2,0.1,True,[0.19140625]
728,6.0,0.95,1.06,0.3,0.2,0.2,True,[0.19140625]
