ORDER ID, HON1, HON2, ACCOUNT, BUYSELL, FUNCCODE, PRICE, QUANTITY, TIME, CONFTIME, CTI, ASKPRICE, ASKQUANTITY, BIDPRICE, BIDQUANTITY, EXCHANGE, MAX SHOW FLAG, MATCH NUMBER, TRANSACTION ID, 
1, 1, -, 8274, 2, 001, 1101.75, 5, -73:41, -73:41, 2, 1000, 0, 1000, 0, OFR, -, -, 1, 
2, 1, -, 8274, 2, 001, 1101.5, 5, -73:41, -73:41, 2, 1000, 0, 1000, 0, OFR, -, -, 2, 
3, 1, -, 8274, 2, 001, 1101.25, 5, -73:41, -73:41, 2, 1000, 0, 1000, 0, OFR, -, -, 3, 
4, 1, -, 8274, 2, 001, 1101, 5, -73:41, -73:41, 2, 1000, 0, 1000, 0, OFR, -, -, 4, 
5, 1, -, 8274, 2, 001, 1100.75, 5, -73:41, -73:41, 2, 1000, 0, 1000, 0, OFR, -, -, 5, 
6, 1, -, 8274, 2, 001, 1100.5, 5, -73:41, -73:41, 2, 1000, 0, 1000, 0, OFR, -, -, 6, 
7, 1, -, 8274, 2, 001, 1100.25, 5, -73:41, -73:41, 2, 1000, 0, 1000, 0, OFR, -, -, 7, 
8, 1, -, 8274, 1, 001, 1099.75, 5, -73:41, -73:41, 2, 1100.25, 0, 1099.75, 0, OFR, -, -, 8, 
9, 1, -, 8274, 1, 001, 1099.5, 5, -73:41, -73:41, 2, 1100.25, 0, 1099.75, 0, OFR, -, -, 9, 
10, 1, -, 8274, 1, 001, 1099.25, 5, -73:41, -73:41, 2, 1100.25, 0, 1099.75, 0, OFR, -, -, 10, 
11, 1, -, 8274, 1, 001, 1099, 5, -73:41, -73:41, 2, 1100.25, 0, 1099.75, 0, OFR, -, -, 11, 
12, 1, -, 8274, 1, 001, 1098.75, 5, -73:41, -73:41, 2, 1100.25, 0, 1099.75, 0, OFR, -, -, 12, 
13, 1, -, 8274, 1, 001, 1098.5, 5, -73:41, -73:41, 2, 1100.25, 0, 1099.75, 0, OFR, -, -, 13, 
14, 1, -, 8274, 1, 001, 1098.25, 5, -73:41, -73:41, 2, 1100.25, 0, 1099.75, 0, OFR, -, -, 14, 
15, 1, -, 9373, 1, 001, 1099.25, 10, -70:50, -70:50, 1, 1100.25, 0, 1099.75, 0, OFR, -, -, 15, 
16, 1, -, 9721, 2, 001, 1102.5, 5, -70:52, -70:52, 1, 1100.25, 0, 1099.75, 0, OFR, -, -, 16, 
17, 1, -, 198, 2, 001, 1101, 30, -70:52, -70:52, 1, 1100.25, 0, 1099.75, 0, OFR, -, -, 17, 
18, 1, -, 350, 2, 001, 1102.5, 30, -69:1, -69:1, 1, 1100.25, 0, 1099.75, 0, OFR, -, -, 18, 
19, 1, -, 8582, 1, 001, 1098.75, 20, -69:6, -69:6, 1, 1100.25, 0, 1099.75, 0, OFR, -, -, 19, 
20, 1, -, 4938, 1, 001, 1099, 10, -69:6, -69:6, 1, 1100.25, 0, 1099.75, 0, OFR, -, -, 20, 
21, 1, -, 3901, 1, 001, 1099.5, 15, -69:7, -69:7, 1, 1100.25, 0, 1099.75, 0, OFR, -, -, 21, 
22, 1, -, 134, 2, 001, 1102.5, 5, -69:11, -69:11, 1, 1100.25, 0, 1099.75, 0, OFR, -, -, 22, 
23, 1, -, 1797, 1, 001, 1097.5, 5, -69:22, -69:22, 1, 1100.25, 0, 1099.75, 0, OFR, -, -, 23, 
15, 1, -, 9373, 1, 003, 1099.25, 10, -66:24, -66:24, 1, 1100.25, 0, 1099.75, 0, OFR, -, -, 24, 
24, 1, -, 9373, 2, 001, 1100.25, 10, -66:24, -66:24, 1, 1100.25, 0, 1099.75, 0, OFR, -, -, 25, 
16, 1, -, 9721, 1, 003, 1102.5, 5, -66:36, -66:36, 1, 1100.25, 0, 1099.75, 0, OFR, -, -, 26, 
25, 1, -, 9721, 2, 001, 1102.5, 30, -66:36, -66:36, 1, 1100.25, 0, 1099.75, 0, OFR, -, -, 27, 
19, 1, -, 8582, 1, 003, 1098.75, 20, -66:36, -66:36, 1, 1100.25, 0, 1099.75, 0, OFR, -, -, 28, 
26, 1, -, 8582, 2, 001, 1101, 20, -66:36, -66:36, 1, 1100.25, 0, 1099.75, 0, OFR, -, -, 29, 
18, 1, -, 350, 1, 003, 1102.5, 30, -66:37, -66:37, 1, 1100.25, 0, 1099.75, 0, OFR, -, -, 30, 
27, 1, -, 350, 2, 001, 1102.25, 5, -66:37, -66:37, 1, 1100.25, 0, 1099.75, 0, OFR, -, -, 31, 
17, 1, -, 198, 1, 003, 1101, 30, -66:40, -66:40, 1, 1100.25, 0, 1099.75, 0, OFR, -, -, 32, 
28, 1, -, 198, 1, 001, 1097.5, 25, -66:40, -66:40, 1, 1100.25, 0, 1099.75, 0, OFR, -, -, 33, 
20, 1, -, 4938, 1, 003, 1099, 10, -65:3, -65:3, 1, 1100.25, 0, 1099.75, 0, OFR, -, -, 34, 
29, 1, -, 4938, 2, 001, 1101.5, 5, -65:3, -65:3, 1, 1100.25, 0, 1099.75, 0, OFR, -, -, 35, 
22, 1, -, 134, 1, 003, 1102.5, 5, -65:8, -65:8, 1, 1100.25, 0, 1099.75, 0, OFR, -, -, 36, 
30, 1, -, 134, 2, 001, 1100.75, 5, -65:8, -65:8, 1, 1100.25, 0, 1099.75, 0, OFR, -, -, 37, 
23, 1, -, 1797, 1, 003, 1097.5, 5, -65:21, -65:21, 1, 1100.25, 0, 1099.75, 0, OFR, -, -, 38, 
31, 1, -, 1797, 1, 001, 1098, 5, -65:21, -65:21, 1, 1100.25, 0, 1099.75, 0, OFR, -, -, 39, 
21, 1, -, 3901, 1, 003, 1099.5, 15, -65:22, -65:22, 1, 1100.25, 0, 1099.75, 0, OFR, -, -, 40, 
32, 1, -, 3901, 2, 001, 1100.75, 30, -65:22, -65:22, 1, 1100.25, 0, 1099.75, 0, OFR, -, -, 41, 
24, 1, -, 9373, 1, 003, 1100.25, 10, -62:5, -62:5, 1, 1100.25, 0, 1099.75, 0, OFR, -, -, 42, 
33, 1, -, 9373, 1, 001, 1098.25, 5, -62:5, -62:5, 1, 1100.25, 0, 1099.75, 0, OFR, -, -, 43, 
27, 1, -, 350, 1, 003, 1102.25, 5, -62:23, -62:23, 1, 1100.25, 0, 1099.75, 0, OFR, -, -, 44, 
34, 1, -, 350, 2, 001, 1101, 30, -62:23, -62:23, 1, 1100.25, 0, 1099.75, 0, OFR, -, -, 45, 
25, 1, -, 9721, 1, 003, 1102.5, 30, -62:27, -62:27, 1, 1100.25, 0, 1099.75, 0, OFR, -, -, 46, 
35, 1, -, 9721, 2, 001, 1102.5, 10, -62:27, -62:27, 1, 1100.25, 0, 1099.75, 0, OFR, -, -, 47, 
26, 1, -, 8582, 1, 003, 1101, 20, -62:29, -62:29, 1, 1100.25, 0, 1099.75, 0, OFR, -, -, 48, 
36, 1, -, 8582, 2, 001, 1102.5, 35, -62:29, -62:29, 1, 1100.25, 0, 1099.75, 0, OFR, -, -, 49, 
28, 1, -, 198, 1, 003, 1097.5, 25, -62:38, -62:38, 1, 1100.25, 0, 1099.75, 0, OFR, -, -, 50, 
37, 1, -, 198, 2, 001, 1100.25, 5, -62:38, -62:38, 1, 1100.25, 0, 1099.75, 0, OFR, -, -, 51, 
29, 1, -, 4938, 1, 003, 1101.5, 5, -62:54, -62:54, 1, 1100.25, 0, 1099.75, 0, OFR, -, -, 52, 
38, 1, -, 4938, 1, 001, 1097.75, 30, -62:54, -62:54, 1, 1100.25, 0, 1099.75, 0, OFR, -, -, 53, 
30, 1, -, 134, 1, 003, 1100.75, 5, -61:8, -61:8, 1, 1100.25, 0, 1099.75, 0, OFR, -, -, 54, 
39, 1, -, 134, 2, 001, 1100.25, 5, -61:8, -61:8, 1, 1100.25, 0, 1099.75, 0, OFR, -, -, 55, 
31, 1, -, 1797, 1, 003, 1098, 5, -61:22, -61:22, 1, 1100.25, 0, 1099.75, 0, OFR, -, -, 56, 
40, 1, -, 1797, 1, 001, 1099, 30, -61:22, -61:22, 1, 1100.25, 0, 1099.75, 0, OFR, -, -, 57, 
32, 1, -, 3901, 1, 003, 1100.75, 30, -61:25, -61:25, 1, 1100.25, 0, 1099.75, 0, OFR, -, -, 58, 
41, 1, -, 3901, 2, 001, 1100.5, 5, -61:25, -61:25, 1, 1100.25, 0, 1099.75, 0, OFR, -, -, 59, 
33, 1, -, 9373, 1, 003, 1098.25, 5, -59:42, -59:42, 1, 1100.25, 0, 1099.75, 0, OFR, -, -, 60, 
42, 1, -, 9373, 2, 001, 1102.5, 10, -59:42, -59:42, 1, 1100.25, 0, 1099.75, 0, OFR, -, -, 61, 
34, 1, -, 350, 1, 003, 1101, 30, -59:59, -59:59, 1, 1100.25, 0, 1099.75, 0, OFR, -, -, 62, 
43, 1, -, 350, 1, 001, 1098.75, 10, -59:59, -59:59, 1, 1100.25, 0, 1099.75, 0, OFR, -, -, 63, 
35, 1, -, 9721, 1, 003, 1102.5, 10, -58:18, -58:18, 1, 1100.25, 0, 1099.75, 0, OFR, -, -, 64, 
44, 1, -, 9721, 1, 001, 1099, 30, -58:18, -58:18, 1, 1100.25, 0, 1099.75, 0, OFR, -, -, 65, 
37, 1, -, 198, 1, 003, 1100.25, 5, -58:25, -58:25, 1, 1100.25, 0, 1099.75, 0, OFR, -, -, 66, 
45, 1, -, 198, 2, 001, 1102.5, 15, -58:25, -58:25, 1, 1100.25, 0, 1099.75, 0, OFR, -, -, 67, 
36, 1, -, 8582, 1, 003, 1102.5, 35, -58:32, -58:32, 1, 1100.25, 0, 1099.75, 0, OFR, -, -, 68, 
46, 1, -, 8582, 2, 001, 1102.5, 5, -58:32, -58:32, 1, 1100.25, 0, 1099.75, 0, OFR, -, -, 69, 
38, 1, -, 4938, 1, 003, 1097.75, 30, -58:40, -58:40, 1, 1100.25, 0, 1099.75, 0, OFR, -, -, 70, 
47, 1, -, 4938, 1, 001, 1099.25, 5, -58:40, -58:40, 1, 1100.25, 0, 1099.75, 0, OFR, -, -, 71, 
39, 1, -, 134, 1, 003, 1100.25, 5, -58:56, -58:56, 1, 1100.25, 0, 1099.75, 0, OFR, -, -, 72, 
48, 1, -, 134, 1, 001, 1098, 10, -58:56, -58:56, 1, 1100.25, 0, 1099.75, 0, OFR, -, -, 73, 
41, 1, -, 3901, 1, 003, 1100.5, 5, -57:24, -57:24, 1, 1100.25, 0, 1099.75, 0, OFR, -, -, 74, 
49, 1, -, 3901, 2, 001, 1101, 35, -57:24, -57:24, 1, 1100.25, 0, 1099.75, 0, OFR, -, -, 75, 
40, 1, -, 1797, 1, 003, 1099, 30, -57:29, -57:29, 1, 1100.25, 0, 1099.75, 0, OFR, -, -, 76, 
50, 1, -, 1797, 2, 001, 1101.25, 5, -57:29, -57:29, 1, 1100.25, 0, 1099.75, 0, OFR, -, -, 77, 
42, 1, -, 9373, 1, 003, 1102.5, 10, -55:37, -55:37, 1, 1100.25, 0, 1099.75, 0, OFR, -, -, 78, 
51, 1, -, 9373, 1, 001, 1098, 5, -55:37, -55:37, 1, 1100.25, 0, 1099.75, 0, OFR, -, -, 79, 
43, 1, -, 350, 1, 003, 1098.75, 10, -55:48, -55:48, 1, 1100.25, 0, 1099.75, 0, OFR, -, -, 80, 
52, 1, -, 350, 2, 001, 1101, 5, -55:48, -55:48, 1, 1100.25, 0, 1099.75, 0, OFR, -, -, 81, 
44, 1, -, 9721, 1, 003, 1099, 30, -54:2, -54:2, 1, 1100.25, 0, 1099.75, 0, OFR, -, -, 82, 
53, 1, -, 9721, 2, 001, 1100.25, 30, -54:2, -54:2, 1, 1100.25, 0, 1099.75, 0, OFR, -, -, 83, 
45, 1, -, 198, 1, 003, 1102.5, 15, -54:9, -54:9, 1, 1100.25, 0, 1099.75, 0, OFR, -, -, 84, 
54, 1, -, 198, 2, 001, 1101.25, 5, -54:9, -54:9, 1, 1100.25, 0, 1099.75, 0, OFR, -, -, 85, 
46, 1, -, 8582, 1, 003, 1102.5, 5, -54:35, -54:35, 1, 1100.25, 0, 1099.75, 0, OFR, -, -, 86, 
55, 1, -, 8582, 1, 001, 1099.25, 25, -54:35, -54:35, 1, 1100.25, 0, 1099.75, 0, OFR, -, -, 87, 
47, 1, -, 4938, 1, 003, 1099.25, 5, -54:48, -54:48, 1, 1100.25, 0, 1099.75, 0, OFR, -, -, 88, 
56, 1, -, 4938, 2, 001, 1101.25, 35, -54:48, -54:48, 1, 1100.25, 0, 1099.75, 0, OFR, -, -, 89, 
48, 1, -, 134, 1, 003, 1098, 10, -54:54, -54:54, 1, 1100.25, 0, 1099.75, 0, OFR, -, -, 90, 
57, 1, -, 134, 2, 001, 1102.5, 35, -54:54, -54:54, 1, 1100.25, 0, 1099.75, 0, OFR, -, -, 91, 
50, 1, -, 1797, 1, 003, 1101.25, 5, -53:29, -53:29, 1, 1100.25, 0, 1099.75, 0, OFR, -, -, 92, 
58, 1, -, 1797, 1, 001, 1097.5, 5, -53:29, -53:29, 1, 1100.25, 0, 1099.75, 0, OFR, -, -, 93, 
49, 1, -, 3901, 1, 003, 1101, 35, -53:31, -53:31, 1, 1100.25, 0, 1099.75, 0, OFR, -, -, 94, 
59, 1, -, 3901, 2, 001, 1102.5, 20, -53:31, -53:31, 1, 1100.25, 0, 1099.75, 0, OFR, -, -, 95, 
60, 1, -, 65, 1, 001, 1098.25, 8, -52:5, -52:5, 3, 1100.25, 0, 1099.75, 0, OFR, -, -, 96, 
61, 1, -, 1619, 1, 001, 1097.25, 4, -52:29, -52:29, 3, 1100.25, 0, 1099.75, 0, OFR, -, -, 97, 
51, 1, -, 9373, 1, 003, 1098, 5, -51:19, -51:19, 1, 1100.25, 0, 1099.75, 0, OFR, -, -, 98, 
62, 1, -, 9373, 2, 001, 1102.5, 5, -51:19, -51:19, 1, 1100.25, 0, 1099.75, 0, OFR, -, -, 99, 
52, 1, -, 350, 1, 003, 1101, 5, -51:40, -51:40, 1, 1100.25, 0, 1099.75, 0, OFR, -, -, 100, 
63, 1, -, 350, 2, 001, 1102.5, 10, -51:40, -51:40, 1, 1100.25, 0, 1099.75, 0, OFR, -, -, 101, 
54, 1, -, 198, 1, 003, 1101.25, 5, -51:45, -51:45, 1, 1100.25, 0, 1099.75, 0, OFR, -, -, 102, 
64, 1, -, 198, 2, 001, 1101.25, 30, -51:45, -51:45, 1, 1100.25, 0, 1099.75, 0, OFR, -, -, 103, 
53, 1, -, 9721, 1, 003, 1100.25, 30, -51:56, -51:56, 1, 1100.25, 0, 1099.75, 0, OFR, -, -, 104, 
65, 1, -, 9721, 1, 001, 1099.25, 10, -51:56, -51:56, 1, 1100.25, 0, 1099.75, 0, OFR, -, -, 105, 
55, 1, -, 8582, 1, 003, 1099.25, 25, -50:23, -50:23, 1, 1100.25, 0, 1099.75, 0, OFR, -, -, 106, 
66, 1, -, 8582, 2, 001, 1102.5, 5, -50:23, -50:23, 1, 1100.25, 0, 1099.75, 0, OFR, -, -, 107, 
56, 1, -, 4938, 1, 003, 1101.25, 35, -50:54, -50:54, 1, 1100.25, 0, 1099.75, 0, OFR, -, -, 108, 
67, 1, -, 4938, 2, 001, 1102.25, 15, -50:54, -50:54, 1, 1100.25, 0, 1099.75, 0, OFR, -, -, 109, 
57, 1, -, 134, 1, 003, 1102.5, 35, -49:2, -49:2, 1, 1100.25, 0, 1099.75, 0, OFR, -, -, 110, 
68, 1, -, 134, 1, 001, 1097.5, 5, -49:2, -49:2, 1, 1100.25, 0, 1099.75, 0, OFR, -, -, 111, 
58, 1, -, 1797, 1, 003, 1097.5, 5, -49:43, -49:43, 1, 1100.25, 0, 1099.75, 0, OFR, -, -, 112, 
69, 1, -, 1797, 1, 001, 1098, 25, -49:43, -49:43, 1, 1100.25, 0, 1099.75, 0, OFR, -, -, 113, 
59, 1, -, 3901, 1, 003, 1102.5, 20, -49:45, -49:45, 1, 1100.25, 0, 1099.75, 0, OFR, -, -, 114, 
70, 1, -, 3901, 2, 001, 1102.5, 30, -49:45, -49:45, 1, 1100.25, 0, 1099.75, 0, OFR, -, -, 115, 
62, 1, -, 9373, 1, 003, 1102.5, 5, -47:13, -47:13, 1, 1100.25, 0, 1099.75, 0, OFR, -, -, 116, 
71, 1, -, 9373, 2, 001, 1101, 25, -47:13, -47:13, 1, 1100.25, 0, 1099.75, 0, OFR, -, -, 117, 
63, 1, -, 350, 1, 003, 1102.5, 10, -47:26, -47:26, 1, 1100.25, 0, 1099.75, 0, OFR, -, -, 118, 
72, 1, -, 350, 2, 001, 1102.5, 25, -47:26, -47:26, 1, 1100.25, 0, 1099.75, 0, OFR, -, -, 119, 
64, 1, -, 198, 1, 003, 1101.25, 30, -47:44, -47:44, 1, 1100.25, 0, 1099.75, 0, OFR, -, -, 120, 
73, 1, -, 198, 2, 001, 1100.25, 5, -47:44, -47:44, 1, 1100.25, 0, 1099.75, 0, OFR, -, -, 121, 
65, 1, -, 9721, 1, 003, 1099.25, 10, -47:47, -47:47, 1, 1100.25, 0, 1099.75, 0, OFR, -, -, 122, 
74, 1, -, 9721, 2, 001, 1100.5, 10, -47:47, -47:47, 1, 1100.25, 0, 1099.75, 0, OFR, -, -, 123, 
66, 1, -, 8582, 1, 003, 1102.5, 5, -46:17, -46:17, 1, 1100.25, 0, 1099.75, 0, OFR, -, -, 124, 
75, 1, -, 8582, 1, 001, 1099.25, 5, -46:17, -46:17, 1, 1100.25, 0, 1099.75, 0, OFR, -, -, 125, 
67, 1, -, 4938, 1, 003, 1102.25, 15, -46:50, -46:50, 1, 1100.25, 0, 1099.75, 0, OFR, -, -, 126, 
76, 1, -, 4938, 2, 001, 1100.25, 20, -46:50, -46:50, 1, 1100.25, 0, 1099.75, 0, OFR, -, -, 127, 
68, 1, -, 134, 1, 003, 1097.5, 5, -46:59, -46:59, 1, 1100.25, 0, 1099.75, 0, OFR, -, -, 128, 
77, 1, -, 134, 2, 001, 1101.25, 5, -46:59, -46:59, 1, 1100.25, 0, 1099.75, 0, OFR, -, -, 129, 
69, 1, -, 1797, 1, 003, 1098, 25, -45:0, -45:0, 1, 1100.25, 0, 1099.75, 0, OFR, -, -, 130, 
78, 1, -, 1797, 1, 001, 1099, 20, -45:0, -45:0, 1, 1100.25, 0, 1099.75, 0, OFR, -, -, 131, 
70, 1, -, 3901, 1, 003, 1102.5, 30, -44:10, -44:10, 1, 1100.25, 0, 1099.75, 0, OFR, -, -, 132, 
79, 1, -, 3901, 2, 001, 1100.5, 10, -44:10, -44:10, 1, 1100.25, 0, 1099.75, 0, OFR, -, -, 133, 
71, 1, -, 9373, 1, 003, 1101, 25, -43:9, -43:9, 1, 1100.25, 0, 1099.75, 0, OFR, -, -, 134, 
80, 1, -, 9373, 2, 001, 1101.5, 15, -43:9, -43:9, 1, 1100.25, 0, 1099.75, 0, OFR, -, -, 135, 
72, 1, -, 350, 1, 003, 1102.5, 25, -43:20, -43:20, 1, 1100.25, 0, 1099.75, 0, OFR, -, -, 136, 
81, 1, -, 350, 1, 001, 1098.75, 10, -43:20, -43:20, 1, 1100.25, 0, 1099.75, 0, OFR, -, -, 137, 
74, 1, -, 9721, 1, 003, 1100.5, 10, -43:23, -43:23, 1, 1100.25, 0, 1099.75, 0, OFR, -, -, 138, 
82, 1, -, 9721, 1, 001, 1099.5, 15, -43:23, -43:23, 1, 1100.25, 0, 1099.75, 0, OFR, -, -, 139, 
73, 1, -, 198, 1, 003, 1100.25, 5, -43:33, -43:33, 1, 1100.25, 0, 1099.75, 0, OFR, -, -, 140, 
83, 1, -, 198, 2, 001, 1102.5, 10, -43:33, -43:33, 1, 1100.25, 0, 1099.75, 0, OFR, -, -, 141, 
75, 1, -, 8582, 1, 003, 1099.25, 5, -42:20, -42:20, 1, 1100.25, 0, 1099.75, 0, OFR, -, -, 142, 
84, 1, -, 8582, 2, 001, 1102, 10, -42:20, -42:20, 1, 1100.25, 0, 1099.75, 0, OFR, -, -, 143, 
76, 1, -, 4938, 1, 003, 1100.25, 20, -42:52, -42:52, 1, 1100.25, 0, 1099.75, 0, OFR, -, -, 144, 
85, 1, -, 4938, 2, 001, 1100.75, 10, -42:52, -42:52, 1, 1100.25, 0, 1099.75, 0, OFR, -, -, 145, 
77, 1, -, 134, 1, 003, 1101.25, 5, -41:2, -41:2, 1, 1100.25, 0, 1099.75, 0, OFR, -, -, 146, 
86, 1, -, 134, 2, 001, 1102.5, 5, -41:2, -41:2, 1, 1100.25, 0, 1099.75, 0, OFR, -, -, 147, 
78, 1, -, 1797, 1, 003, 1099, 20, -40:0, -40:0, 1, 1100.25, 0, 1099.75, 0, OFR, -, -, 148, 
87, 1, -, 1797, 2, 001, 1102.5, 5, -40:0, -40:0, 1, 1100.25, 0, 1099.75, 0, OFR, -, -, 149, 
79, 1, -, 3901, 1, 003, 1100.5, 10, -40:24, -40:24, 1, 1100.25, 0, 1099.75, 0, OFR, -, -, 150, 
88, 1, -, 3901, 2, 001, 1100.25, 15, -40:24, -40:24, 1, 1100.25, 0, 1099.75, 0, OFR, -, -, 151, 
80, 1, -, 9373, 1, 003, 1101.5, 15, -40:56, -40:56, 1, 1100.25, 0, 1099.75, 0, OFR, -, -, 152, 
89, 1, -, 9373, 1, 001, 1099.5, 20, -40:56, -40:56, 1, 1100.25, 0, 1099.75, 0, OFR, -, -, 153, 
82, 1, -, 9721, 1, 003, 1099.5, 15, -40:56, -40:56, 1, 1100.25, 0, 1099.75, 0, OFR, -, -, 154, 
90, 1, -, 9721, 2, 001, 1101, 10, -40:56, -40:56, 1, 1100.25, 0, 1099.75, 0, OFR, -, -, 155, 
81, 1, -, 350, 1, 003, 1098.75, 10, -39:7, -39:7, 1, 1100.25, 0, 1099.75, 0, OFR, -, -, 156, 
91, 1, -, 350, 1, 001, 1098.5, 10, -39:7, -39:7, 1, 1100.25, 0, 1099.75, 0, OFR, -, -, 157, 
83, 1, -, 198, 1, 003, 1102.5, 10, -39:21, -39:21, 1, 1100.25, 0, 1099.75, 0, OFR, -, -, 158, 
92, 1, -, 198, 2, 001, 1102.5, 5, -39:21, -39:21, 1, 1100.25, 0, 1099.75, 0, OFR, -, -, 159, 
84, 1, -, 8582, 1, 003, 1102, 10, -38:17, -38:17, 1, 1100.25, 0, 1099.75, 0, OFR, -, -, 160, 
93, 1, -, 8582, 2, 001, 1102.5, 30, -38:17, -38:17, 1, 1100.25, 0, 1099.75, 0, OFR, -, -, 161, 
86, 1, -, 134, 1, 003, 1102.5, 5, -38:45, -38:45, 1, 1100.25, 0, 1099.75, 0, OFR, -, -, 162, 
94, 1, -, 134, 1, 001, 1099.75, 30, -38:45, -38:45, 1, 1100.25, 0, 1099.75, 0, OFR, -, -, 163, 
85, 1, -, 4938, 1, 003, 1100.75, 10, -38:47, -38:47, 1, 1100.25, 0, 1099.75, 0, OFR, -, -, 164, 
95, 1, -, 4938, 1, 001, 1099.25, 30, -38:47, -38:47, 1, 1100.25, 0, 1099.75, 0, OFR, -, -, 165, 
87, 1, -, 1797, 1, 003, 1102.5, 5, -36:5, -36:5, 1, 1100.25, 0, 1099.75, 0, OFR, -, -, 166, 
96, 1, -, 1797, 1, 001, 1097.5, 25, -36:5, -36:5, 1, 1100.25, 0, 1099.75, 0, OFR, -, -, 167, 
89, 1, -, 9373, 1, 003, 1099.5, 20, -36:36, -36:36, 1, 1100.25, 0, 1099.75, 0, OFR, -, -, 168, 
97, 1, -, 9373, 2, 001, 1102.5, 15, -36:36, -36:36, 1, 1100.25, 0, 1099.75, 0, OFR, -, -, 169, 
90, 1, -, 9721, 1, 003, 1101, 10, -36:37, -36:37, 1, 1100.25, 0, 1099.75, 0, OFR, -, -, 170, 
98, 1, -, 9721, 1, 001, 1097.5, 5, -36:37, -36:37, 1, 1100.25, 0, 1099.75, 0, OFR, -, -, 171, 
88, 1, -, 3901, 1, 003, 1100.25, 15, -36:43, -36:43, 1, 1100.25, 0, 1099.75, 0, OFR, -, -, 172, 
99, 1, -, 3901, 2, 001, 1101.5, 5, -36:43, -36:43, 1, 1100.25, 0, 1099.75, 0, OFR, -, -, 173, 
92, 1, -, 198, 1, 003, 1102.5, 5, -36:48, -36:48, 1, 1100.25, 0, 1099.75, 0, OFR, -, -, 174, 
100, 1, -, 198, 1, 001, 1097.5, 20, -36:48, -36:48, 1, 1100.25, 0, 1099.75, 0, OFR, -, -, 175, 
91, 1, -, 350, 1, 003, 1098.5, 10, -36:49, -36:49, 1, 1100.25, 0, 1099.75, 0, OFR, -, -, 176, 
101, 1, -, 350, 1, 001, 1097.5, 5, -36:49, -36:49, 1, 1100.25, 0, 1099.75, 0, OFR, -, -, 177, 
93, 1, -, 8582, 1, 003, 1102.5, 30, -35:54, -35:54, 1, 1100.25, 0, 1099.75, 0, OFR, -, -, 178, 
102, 1, -, 8582, 2, 001, 1100.5, 5, -35:54, -35:54, 1, 1100.25, 0, 1099.75, 0, OFR, -, -, 179, 
95, 1, -, 4938, 1, 003, 1099.25, 30, -34:37, -34:37, 1, 1100.25, 0, 1099.75, 0, OFR, -, -, 180, 
103, 1, -, 4938, 2, 001, 1102, 30, -34:37, -34:37, 1, 1100.25, 0, 1099.75, 0, OFR, -, -, 181, 
94, 1, -, 134, 1, 003, 1099.75, 30, -34:56, -34:56, 1, 1100.25, 0, 1099.75, 0, OFR, -, -, 182, 
104, 1, -, 134, 2, 001, 1100.75, 20, -34:56, -34:56, 1, 1100.25, 0, 1099.75, 0, OFR, -, -, 183, 
96, 1, -, 1797, 1, 003, 1097.5, 25, -32:8, -32:8, 1, 1100.25, 0, 1099.75, 0, OFR, -, -, 184, 
105, 1, -, 1797, 1, 001, 1097.5, 30, -32:8, -32:8, 1, 1100.25, 0, 1099.75, 0, OFR, -, -, 185, 
98, 1, -, 9721, 1, 003, 1097.5, 5, -32:18, -32:18, 1, 1100.25, 0, 1099.75, 0, OFR, -, -, 186, 
106, 1, -, 9721, 2, 001, 1101.25, 30, -32:18, -32:18, 1, 1100.25, 0, 1099.75, 0, OFR, -, -, 187, 
97, 1, -, 9373, 1, 003, 1102.5, 15, -32:31, -32:31, 1, 1100.25, 0, 1099.75, 0, OFR, -, -, 188, 
107, 1, -, 9373, 2, 001, 1100.5, 20, -32:31, -32:31, 1, 1100.25, 0, 1099.75, 0, OFR, -, -, 189, 
100, 1, -, 198, 1, 003, 1097.5, 20, -32:33, -32:33, 1, 1100.25, 0, 1099.75, 0, OFR, -, -, 190, 
108, 1, -, 198, 2, 001, 1102.5, 5, -32:33, -32:33, 1, 1100.25, 0, 1099.75, 0, OFR, -, -, 191, 
101, 1, -, 350, 1, 003, 1097.5, 5, -32:43, -32:43, 1, 1100.25, 0, 1099.75, 0, OFR, -, -, 192, 
109, 1, -, 350, 1, 001, 1097.75, 5, -32:43, -32:43, 1, 1100.25, 0, 1099.75, 0, OFR, -, -, 193, 
99, 1, -, 3901, 1, 003, 1101.5, 5, -31:3, -31:3, 1, 1100.25, 0, 1099.75, 0, OFR, -, -, 194, 
110, 1, -, 3901, 2, 001, 1100.25, 20, -31:3, -31:3, 1, 1100.25, 0, 1099.75, 0, OFR, -, -, 195, 
60, 1, -, 65, 1, 003, 1098.25, 8, -31:17, -31:17, 3, 1100.25, 0, 1099.75, 0, OFR, -, -, 196, 
111, 1, -, 65, 1, 001, 1097.75, 16, -31:17, -31:17, 3, 1100.25, 0, 1099.75, 0, OFR, -, -, 197, 
61, 1, -, 1619, 1, 003, 1097.25, 4, -31:39, -31:39, 3, 1100.25, 0, 1099.75, 0, OFR, -, -, 198, 
112, 1, -, 1619, 2, 001, 1102.75, 12, -31:39, -31:39, 3, 1100.25, 0, 1099.75, 0, OFR, -, -, 199, 
102, 1, -, 8582, 1, 003, 1100.5, 5, -31:41, -31:41, 1, 1100.25, 0, 1099.75, 0, OFR, -, -, 200, 
113, 1, -, 8582, 2, 001, 1100.5, 15, -31:41, -31:41, 1, 1100.25, 0, 1099.75, 0, OFR, -, -, 201, 
103, 1, -, 4938, 1, 003, 1102, 30, -30:36, -30:36, 1, 1100.25, 0, 1099.75, 0, OFR, -, -, 202, 
114, 1, -, 4938, 2, 001, 1100.5, 5, -30:36, -30:36, 1, 1100.25, 0, 1099.75, 0, OFR, -, -, 203, 
104, 1, -, 134, 1, 003, 1100.75, 20, -30:55, -30:55, 1, 1100.25, 0, 1099.75, 0, OFR, -, -, 204, 
115, 1, -, 134, 2, 001, 1100.75, 10, -30:55, -30:55, 1, 1100.25, 0, 1099.75, 0, OFR, -, -, 205, 
106, 1, -, 9721, 1, 003, 1101.25, 30, -28:8, -28:8, 1, 1100.25, 0, 1099.75, 0, OFR, -, -, 206, 
116, 1, -, 9721, 1, 001, 1099.75, 15, -28:8, -28:8, 1, 1100.25, 0, 1099.75, 0, OFR, -, -, 207, 
105, 1, -, 1797, 1, 003, 1097.5, 30, -28:18, -28:18, 1, 1100.25, 0, 1099.75, 0, OFR, -, -, 208, 
117, 1, -, 1797, 2, 001, 1101.25, 15, -28:18, -28:18, 1, 1100.25, 0, 1099.75, 0, OFR, -, -, 209, 
107, 1, -, 9373, 1, 003, 1100.5, 20, -28:22, -28:22, 1, 1100.25, 0, 1099.75, 0, OFR, -, -, 210, 
118, 1, -, 9373, 2, 001, 1102.5, 5, -28:22, -28:22, 1, 1100.25, 0, 1099.75, 0, OFR, -, -, 211, 
108, 1, -, 198, 1, 003, 1102.5, 5, -28:24, -28:24, 1, 1100.25, 0, 1099.75, 0, OFR, -, -, 212, 
119, 1, -, 198, 1, 001, 1098, 10, -28:24, -28:24, 1, 1100.25, 0, 1099.75, 0, OFR, -, -, 213, 
109, 1, -, 350, 1, 003, 1097.75, 5, -28:25, -28:25, 1, 1100.25, 0, 1099.75, 0, OFR, -, -, 214, 
120, 1, -, 350, 2, 001, 1100.25, 10, -28:25, -28:25, 1, 1100.25, 0, 1099.75, 0, OFR, -, -, 215, 
113, 1, -, 8582, 1, 003, 1100.5, 15, -27:8, -27:8, 1, 1100.25, 0, 1099.75, 0, OFR, -, -, 216, 
121, 1, -, 8582, 2, 001, 1102.5, 15, -27:8, -27:8, 1, 1100.25, 0, 1099.75, 0, OFR, -, -, 217, 
110, 1, -, 3901, 1, 003, 1100.25, 20, -27:24, -27:24, 1, 1100.25, 0, 1099.75, 0, OFR, -, -, 218, 
122, 1, -, 3901, 1, 001, 1097.5, 25, -27:24, -27:24, 1, 1100.25, 0, 1099.75, 0, OFR, -, -, 219, 
114, 1, -, 4938, 1, 003, 1100.5, 5, -26:24, -26:24, 1, 1100.25, 0, 1099.75, 0, OFR, -, -, 220, 
123, 1, -, 4938, 2, 001, 1102.5, 5, -26:24, -26:24, 1, 1100.25, 0, 1099.75, 0, OFR, -, -, 221, 
115, 1, -, 134, 1, 003, 1100.75, 10, -26:44, -26:44, 1, 1100.25, 0, 1099.75, 0, OFR, -, -, 222, 
124, 1, -, 134, 1, 001, 1099.25, 5, -26:44, -26:44, 1, 1100.25, 0, 1099.75, 0, OFR, -, -, 223, 
116, 1, -, 9721, 1, 003, 1099.75, 15, -25:47, -25:47, 1, 1100.25, 0, 1099.75, 0, OFR, -, -, 224, 
125, 1, -, 9721, 2, 001, 1101, 30, -25:47, -25:47, 1, 1100.25, 0, 1099.75, 0, OFR, -, -, 225, 
118, 1, -, 9373, 1, 003, 1102.5, 5, -24:3, -24:3, 1, 1100.25, 0, 1099.75, 0, OFR, -, -, 226, 
126, 1, -, 9373, 2, 001, 1101.75, 30, -24:3, -24:3, 1, 1100.25, 0, 1099.75, 0, OFR, -, -, 227, 
119, 1, -, 198, 1, 003, 1098, 10, -24:14, -24:14, 1, 1100.25, 0, 1099.75, 0, OFR, -, -, 228, 
127, 1, -, 198, 1, 001, 1098.75, 10, -24:14, -24:14, 1, 1100.25, 0, 1099.75, 0, OFR, -, -, 229, 
120, 1, -, 350, 1, 003, 1100.25, 10, -24:16, -24:16, 1, 1100.25, 0, 1099.75, 0, OFR, -, -, 230, 
128, 1, -, 350, 2, 001, 1100.25, 5, -24:16, -24:16, 1, 1100.25, 0, 1099.75, 0, OFR, -, -, 231, 
117, 1, -, 1797, 1, 003, 1101.25, 15, -24:24, -24:24, 1, 1100.25, 0, 1099.75, 0, OFR, -, -, 232, 
129, 1, -, 1797, 1, 001, 1098.75, 10, -24:24, -24:24, 1, 1100.25, 0, 1099.75, 0, OFR, -, -, 233, 
121, 1, -, 8582, 1, 003, 1102.5, 15, -24:49, -24:49, 1, 1100.25, 0, 1099.75, 0, OFR, -, -, 234, 
130, 1, -, 8582, 2, 001, 1102.5, 10, -24:49, -24:49, 1, 1100.25, 0, 1099.75, 0, OFR, -, -, 235, 
122, 1, -, 3901, 1, 003, 1097.5, 25, -23:43, -23:43, 1, 1100.25, 0, 1099.75, 0, OFR, -, -, 236, 
131, 1, -, 3901, 2, 001, 1100.75, 20, -23:43, -23:43, 1, 1100.25, 0, 1099.75, 0, OFR, -, -, 237, 
123, 1, -, 4938, 1, 003, 1102.5, 5, -22:17, -22:17, 1, 1100.25, 0, 1099.75, 0, OFR, -, -, 238, 
132, 1, -, 4938, 2, 001, 1102.5, 10, -22:17, -22:17, 1, 1100.25, 0, 1099.75, 0, OFR, -, -, 239, 
124, 1, -, 134, 1, 003, 1099.25, 5, -22:41, -22:41, 1, 1100.25, 0, 1099.75, 0, OFR, -, -, 240, 
133, 1, -, 134, 1, 001, 1097.5, 5, -22:41, -22:41, 1, 1100.25, 0, 1099.75, 0, OFR, -, -, 241, 
125, 1, -, 9721, 1, 003, 1101, 30, -21:32, -21:32, 1, 1100.25, 0, 1099.75, 0, OFR, -, -, 242, 
134, 1, -, 9721, 2, 001, 1100.25, 5, -21:32, -21:32, 1, 1100.25, 0, 1099.75, 0, OFR, -, -, 243, 
126, 1, -, 9373, 1, 003, 1101.75, 30, -21:37, -21:37, 1, 1100.25, 0, 1099.75, 0, OFR, -, -, 244, 
135, 1, -, 9373, 2, 001, 1100.25, 15, -21:37, -21:37, 1, 1100.25, 0, 1099.75, 0, OFR, -, -, 245, 
127, 1, -, 198, 1, 003, 1098.75, 10, -21:45, -21:45, 1, 1100.25, 0, 1099.75, 0, OFR, -, -, 246, 
136, 1, -, 198, 1, 001, 1098, 5, -21:45, -21:45, 1, 1100.25, 0, 1099.75, 0, OFR, -, -, 247, 
128, 1, -, 350, 1, 003, 1100.25, 5, -20:13, -20:13, 1, 1100.25, 0, 1099.75, 0, OFR, -, -, 248, 
137, 1, -, 350, 2, 001, 1102.5, 5, -20:13, -20:13, 1, 1100.25, 0, 1099.75, 0, OFR, -, -, 249, 
129, 1, -, 1797, 1, 003, 1098.75, 10, -20:25, -20:25, 1, 1100.25, 0, 1099.75, 0, OFR, -, -, 250, 
138, 1, -, 1797, 1, 001, 1098, 5, -20:25, -20:25, 1, 1100.25, 0, 1099.75, 0, OFR, -, -, 251, 
130, 1, -, 8582, 1, 003, 1102.5, 10, -20:37, -20:37, 1, 1100.25, 0, 1099.75, 0, OFR, -, -, 252, 
139, 1, -, 8582, 1, 001, 1099, 5, -20:37, -20:37, 1, 1100.25, 0, 1099.75, 0, OFR, -, -, 253, 
131, 1, -, 3901, 1, 003, 1100.75, 20, -19:45, -19:45, 1, 1100.25, 0, 1099.75, 0, OFR, -, -, 254, 
140, 1, -, 3901, 1, 001, 1097.5, 10, -19:45, -19:45, 1, 1100.25, 0, 1099.75, 0, OFR, -, -, 255, 
132, 1, -, 4938, 1, 003, 1102.5, 10, -19:56, -19:56, 1, 1100.25, 0, 1099.75, 0, OFR, -, -, 256, 
141, 1, -, 4938, 1, 001, 1097.75, 5, -19:56, -19:56, 1, 1100.25, 0, 1099.75, 0, OFR, -, -, 257, 
133, 1, -, 134, 1, 003, 1097.5, 5, -18:43, -18:43, 1, 1100.25, 0, 1099.75, 0, OFR, -, -, 258, 
142, 1, -, 134, 1, 001, 1098.75, 5, -18:43, -18:43, 1, 1100.25, 0, 1099.75, 0, OFR, -, -, 259, 
134, 1, -, 9721, 1, 003, 1100.25, 5, -17:19, -17:19, 1, 1100.25, 0, 1099.75, 0, OFR, -, -, 260, 
143, 1, -, 9721, 2, 001, 1100.5, 35, -17:19, -17:19, 1, 1100.25, 0, 1099.75, 0, OFR, -, -, 261, 
135, 1, -, 9373, 1, 003, 1100.25, 15, -17:23, -17:23, 1, 1100.25, 0, 1099.75, 0, OFR, -, -, 262, 
144, 1, -, 9373, 2, 001, 1102, 5, -17:23, -17:23, 1, 1100.25, 0, 1099.75, 0, OFR, -, -, 263, 
136, 1, -, 198, 1, 003, 1098, 5, -17:43, -17:43, 1, 1100.25, 0, 1099.75, 0, OFR, -, -, 264, 
145, 1, -, 198, 1, 001, 1099.5, 20, -17:43, -17:43, 1, 1100.25, 0, 1099.75, 0, OFR, -, -, 265, 
137, 1, -, 350, 1, 003, 1102.5, 5, -16:10, -16:10, 1, 1100.25, 0, 1099.75, 0, OFR, -, -, 266, 
146, 1, -, 350, 2, 001, 1100.75, 10, -16:10, -16:10, 1, 1100.25, 0, 1099.75, 0, OFR, -, -, 267, 
139, 1, -, 8582, 1, 003, 1099, 5, -16:30, -16:30, 1, 1100.25, 0, 1099.75, 0, OFR, -, -, 268, 
147, 1, -, 8582, 2, 001, 1102.5, 5, -16:30, -16:30, 1, 1100.25, 0, 1099.75, 0, OFR, -, -, 269, 
138, 1, -, 1797, 1, 003, 1098, 5, -16:38, -16:38, 1, 1100.25, 0, 1099.75, 0, OFR, -, -, 270, 
148, 1, -, 1797, 1, 001, 1097.5, 20, -16:38, -16:38, 1, 1100.25, 0, 1099.75, 0, OFR, -, -, 271, 
141, 1, -, 4938, 1, 003, 1097.75, 5, -15:42, -15:42, 1, 1100.25, 0, 1099.75, 0, OFR, -, -, 272, 
149, 1, -, 4938, 2, 001, 1100.25, 5, -15:42, -15:42, 1, 1100.25, 0, 1099.75, 0, OFR, -, -, 273, 
140, 1, -, 3901, 1, 003, 1097.5, 10, -15:55, -15:55, 1, 1100.25, 0, 1099.75, 0, OFR, -, -, 274, 
150, 1, -, 3901, 2, 001, 1102.5, 30, -15:55, -15:55, 1, 1100.25, 0, 1099.75, 0, OFR, -, -, 275, 
142, 1, -, 134, 1, 003, 1098.75, 5, -14:49, -14:49, 1, 1100.25, 0, 1099.75, 0, OFR, -, -, 276, 
151, 1, -, 134, 1, 001, 1097.5, 5, -14:49, -14:49, 1, 1100.25, 0, 1099.75, 0, OFR, -, -, 277, 
144, 1, -, 9373, 1, 003, 1102, 5, -13:2, -13:2, 1, 1100.25, 0, 1099.75, 0, OFR, -, -, 278, 
152, 1, -, 9373, 1, 001, 1099.25, 10, -13:2, -13:2, 1, 1100.25, 0, 1099.75, 0, OFR, -, -, 279, 
143, 1, -, 9721, 1, 003, 1100.5, 35, -13:8, -13:8, 1, 1100.25, 0, 1099.75, 0, OFR, -, -, 280, 
153, 1, -, 9721, 2, 001, 1101.25, 10, -13:8, -13:8, 1, 1100.25, 0, 1099.75, 0, OFR, -, -, 281, 
145, 1, -, 198, 1, 003, 1099.5, 20, -13:29, -13:29, 1, 1100.25, 0, 1099.75, 0, OFR, -, -, 282, 
154, 1, -, 198, 2, 001, 1102.5, 25, -13:29, -13:29, 1, 1100.25, 0, 1099.75, 0, OFR, -, -, 283, 
146, 1, -, 350, 1, 003, 1100.75, 10, -13:41, -13:41, 1, 1100.25, 0, 1099.75, 0, OFR, -, -, 284, 
155, 1, -, 350, 2, 001, 1100.25, 5, -13:41, -13:41, 1, 1100.25, 0, 1099.75, 0, OFR, -, -, 285, 
147, 1, -, 8582, 1, 003, 1102.5, 5, -12:26, -12:26, 1, 1100.25, 0, 1099.75, 0, OFR, -, -, 286, 
156, 1, -, 8582, 1, 001, 1099.5, 35, -12:26, -12:26, 1, 1100.25, 0, 1099.75, 0, OFR, -, -, 287, 
148, 1, -, 1797, 1, 003, 1097.5, 20, -12:45, -12:45, 1, 1100.25, 0, 1099.75, 0, OFR, -, -, 288, 
157, 1, -, 1797, 2, 001, 1102, 10, -12:45, -12:45, 1, 1100.25, 0, 1099.75, 0, OFR, -, -, 289, 
149, 1, -, 4938, 1, 003, 1100.25, 5, -11:32, -11:32, 1, 1100.25, 0, 1099.75, 0, OFR, -, -, 290, 
158, 1, -, 4938, 1, 001, 1098.5, 20, -11:32, -11:32, 1, 1100.25, 0, 1099.75, 0, OFR, -, -, 291, 
150, 1, -, 3901, 1, 003, 1102.5, 30, -11:53, -11:53, 1, 1100.25, 0, 1099.75, 0, OFR, -, -, 292, 
159, 1, -, 3901, 2, 001, 1101.5, 25, -11:53, -11:53, 1, 1100.25, 0, 1099.75, 0, OFR, -, -, 293, 
153, 1, -, 9721, 1, 003, 1101.25, 10, -10:38, -10:38, 1, 1100.25, 0, 1099.75, 0, OFR, -, -, 294, 
160, 1, -, 9721, 1, 001, 1099.25, 25, -10:38, -10:38, 1, 1100.25, 0, 1099.75, 0, OFR, -, -, 295, 
111, 1, -, 65, 1, 003, 1097.75, 16, -10:42, -10:42, 3, 1100.25, 0, 1099.75, 0, OFR, -, -, 296, 
161, 1, -, 65, 1, 001, 1099.25, 8, -10:42, -10:42, 3, 1100.25, 0, 1099.75, 0, OFR, -, -, 297, 
151, 1, -, 134, 1, 003, 1097.5, 5, -10:51, -10:51, 1, 1100.25, 0, 1099.75, 0, OFR, -, -, 298, 
162, 1, -, 134, 1, 001, 1097.5, 30, -10:51, -10:51, 1, 1100.25, 0, 1099.75, 0, OFR, -, -, 299, 
152, 1, -, 9373, 1, 003, 1099.25, 10, -10:51, -10:51, 1, 1100.25, 0, 1099.75, 0, OFR, -, -, 300, 
163, 1, -, 9373, 2, 001, 1100.25, 35, -10:51, -10:51, 1, 1100.25, 0, 1099.75, 0, OFR, -, -, 301, 
112, 1, -, 1619, 1, 003, 1102.75, 12, -9:13, -9:13, 3, 1100.25, 0, 1099.75, 0, OFR, -, -, 302, 
164, 1, -, 1619, 1, 001, 1098.75, 4, -9:13, -9:13, 3, 1100.25, 0, 1099.75, 0, OFR, -, -, 303, 
154, 1, -, 198, 1, 003, 1102.5, 25, -9:22, -9:22, 1, 1100.25, 0, 1099.75, 0, OFR, -, -, 304, 
165, 1, -, 198, 1, 001, 1099.5, 10, -9:22, -9:22, 1, 1100.25, 0, 1099.75, 0, OFR, -, -, 305, 
155, 1, -, 350, 1, 003, 1100.25, 5, -9:30, -9:30, 1, 1100.25, 0, 1099.75, 0, OFR, -, -, 306, 
166, 1, -, 350, 2, 001, 1101.5, 5, -9:30, -9:30, 1, 1100.25, 0, 1099.75, 0, OFR, -, -, 307, 
156, 1, -, 8582, 1, 003, 1099.5, 35, -8:16, -8:16, 1, 1100.25, 0, 1099.75, 0, OFR, -, -, 308, 
167, 1, -, 8582, 2, 001, 1100.75, 5, -8:16, -8:16, 1, 1100.25, 0, 1099.75, 0, OFR, -, -, 309, 
157, 1, -, 1797, 1, 003, 1102, 10, -7:7, -7:7, 1, 1100.25, 0, 1099.75, 0, OFR, -, -, 310, 
168, 1, -, 1797, 1, 001, 1098, 10, -7:7, -7:7, 1, 1100.25, 0, 1099.75, 0, OFR, -, -, 311, 
158, 1, -, 4938, 1, 003, 1098.5, 20, -7:8, -7:8, 1, 1100.25, 0, 1099.75, 0, OFR, -, -, 312, 
169, 1, -, 4938, 2, 001, 1100.25, 25, -7:8, -7:8, 1, 1100.25, 0, 1099.75, 0, OFR, -, -, 313, 
159, 1, -, 3901, 1, 003, 1101.5, 25, -6:7, -6:7, 1, 1100.25, 0, 1099.75, 0, OFR, -, -, 314, 
170, 1, -, 3901, 1, 001, 1097.5, 15, -6:7, -6:7, 1, 1100.25, 0, 1099.75, 0, OFR, -, -, 315, 
160, 1, -, 9721, 1, 003, 1099.25, 25, -6:30, -6:30, 1, 1100.25, 0, 1099.75, 0, OFR, -, -, 316, 
171, 1, -, 9721, 2, 001, 1102.5, 5, -6:30, -6:30, 1, 1100.25, 0, 1099.75, 0, OFR, -, -, 317, 
163, 1, -, 9373, 1, 003, 1100.25, 35, -6:31, -6:31, 1, 1100.25, 0, 1099.75, 0, OFR, -, -, 318, 
172, 1, -, 9373, 1, 001, 1099.75, 10, -6:31, -6:31, 1, 1100.25, 0, 1099.75, 0, OFR, -, -, 319, 
162, 1, -, 134, 1, 003, 1097.5, 30, -6:49, -6:49, 1, 1100.25, 0, 1099.75, 0, OFR, -, -, 320, 
173, 1, -, 134, 2, 001, 1102.5, 10, -6:49, -6:49, 1, 1100.25, 0, 1099.75, 0, OFR, -, -, 321, 
165, 1, -, 198, 1, 003, 1099.5, 10, -5:9, -5:9, 1, 1100.25, 0, 1099.75, 0, OFR, -, -, 322, 
174, 1, -, 198, 1, 001, 1099.25, 15, -5:9, -5:9, 1, 1100.25, 0, 1099.75, 0, OFR, -, -, 323, 
166, 1, -, 350, 1, 003, 1101.5, 5, -5:14, -5:14, 1, 1100.25, 0, 1099.75, 0, OFR, -, -, 324, 
175, 1, -, 350, 1, 001, 1098.75, 15, -5:14, -5:14, 1, 1100.25, 0, 1099.75, 0, OFR, -, -, 325, 
167, 1, -, 8582, 1, 003, 1100.75, 5, -4:1, -4:1, 1, 1100.25, 0, 1099.75, 0, OFR, -, -, 326, 
176, 1, -, 8582, 1, 001, 1099.75, 25, -4:1, -4:1, 1, 1100.25, 0, 1099.75, 0, OFR, -, -, 327, 
169, 1, -, 4938, 1, 003, 1100.25, 25, -4:59, -4:59, 1, 1100.25, 0, 1099.75, 0, OFR, -, -, 328, 
177, 1, -, 4938, 2, 001, 1100.75, 30, -4:59, -4:59, 1, 1100.25, 0, 1099.75, 0, OFR, -, -, 329, 
168, 1, -, 1797, 1, 003, 1098, 10, -3:9, -3:9, 1, 1100.25, 0, 1099.75, 0, OFR, -, -, 330, 
178, 1, -, 1797, 1, 001, 1097.5, 5, -3:9, -3:9, 1, 1100.25, 0, 1099.75, 0, OFR, -, -, 331, 
170, 1, -, 3901, 1, 003, 1097.5, 15, -2:7, -2:7, 1, 1100.25, 0, 1099.75, 0, OFR, -, -, 332, 
179, 1, -, 3901, 2, 001, 1100.75, 5, -2:7, -2:7, 1, 1100.25, 0, 1099.75, 0, OFR, -, -, 333, 
171, 1, -, 9721, 1, 003, 1102.5, 5, -2:9, -2:9, 1, 1100.25, 0, 1099.75, 0, OFR, -, -, 334, 
180, 1, -, 9721, 1, 001, 1097.5, 15, -2:9, -2:9, 1, 1100.25, 0, 1099.75, 0, OFR, -, -, 335, 
172, 1, -, 9373, 1, 003, 1099.75, 10, -2:26, -2:26, 1, 1100.25, 0, 1099.75, 0, OFR, -, -, 336, 
181, 1, -, 9373, 1, 001, 1098, 5, -2:26, -2:26, 1, 1100.25, 0, 1099.75, 0, OFR, -, -, 337, 
173, 1, -, 134, 1, 003, 1102.5, 10, -2:45, -2:45, 1, 1100.25, 0, 1099.75, 0, OFR, -, -, 338, 
182, 1, -, 134, 2, 001, 1102.5, 5, -2:45, -2:45, 1, 1100.25, 0, 1099.75, 0, OFR, -, -, 339, 
174, 1, -, 198, 1, 003, 1099.25, 15, -2:50, -2:50, 1, 1100.25, 0, 1099.75, 0, OFR, -, -, 340, 
183, 1, -, 198, 1, 001, 1097.75, 5, -2:50, -2:50, 1, 1100.25, 0, 1099.75, 0, OFR, -, -, 341, 
175, 1, -, 350, 1, 003, 1098.75, 15, -2:58, -2:58, 1, 1100.25, 0, 1099.75, 0, OFR, -, -, 342, 
184, 1, -, 350, 1, 001, 1099.5, 5, -2:58, -2:58, 1, 1100.25, 0, 1099.75, 0, OFR, -, -, 343, 
176, 1, -, 8582, 1, 003, 1099.75, 25, -1:54, -1:54, 1, 1100.25, 0, 1099.75, 0, OFR, -, -, 344, 
185, 1, -, 8582, 2, 001, 1101, 30, -1:54, -1:54, 1, 1100.25, 0, 1099.75, 0, OFR, -, -, 345, 
177, 1, -, 4938, 1, 003, 1100.75, 30, 0:43, 0:43, 1, 1100.25, 0, 1099.75, 0, OFR, -, -, 346, 
186, 1, -, 4938, 1, 001, 1098.75, 10, 0:43, 0:43, 1, 1100.25, 0, 1099.75, 0, OFR, -, -, 347, 
178, 1, -, 1797, 1, 003, 1097.5, 5, 0:28, 0:28, 1, 1100.25, 0, 1099.75, 0, OFR, -, -, 348, 
187, 1, -, 1797, 1, 001, 1099.25, 5, 0:28, 0:28, 1, 1100.25, 0, 1099.75, 0, OFR, -, -, 349, 
180, 1, -, 9721, 1, 003, 1097.5, 15, 0:45, 0:45, 1, 1100.25, 0, 1099.75, 0, OFR, -, -, 350, 
188, 1, -, 9721, 1, 001, 1097.5, 15, 0:45, 0:45, 1, 1100.25, 0, 1099.75, 0, OFR, -, -, 351, 
181, 1, -, 9373, 1, 003, 1098, 5, 1:3, 1:3, 1, 1100.25, 0, 1099.75, 0, OFR, -, -, 352, 
189, 1, -, 9373, 1, 001, 1099.75, 15, 1:3, 1:3, 1, 1100.25, 0, 1099.75, 0, OFR, -, -, 353, 
179, 1, -, 3901, 1, 003, 1100.75, 5, 1:11, 1:11, 1, 1100.25, 0, 1099.75, 0, OFR, -, -, 354, 
190, 1, -, 3901, 2, 001, 1102.5, 25, 1:11, 1:11, 1, 1100.25, 0, 1099.75, 0, OFR, -, -, 355, 
183, 1, -, 198, 1, 003, 1097.75, 5, 1:30, 1:30, 1, 1100.25, 0, 1099.75, 0, OFR, -, -, 356, 
191, 1, -, 198, 2, 001, 1100.5, 5, 1:30, 1:30, 1, 1100.25, 0, 1099.75, 0, OFR, -, -, 357, 
182, 1, -, 134, 1, 003, 1102.5, 5, 1:45, 1:45, 1, 1100.25, 0, 1099.75, 0, OFR, -, -, 358, 
192, 1, -, 134, 2, 001, 1100.25, 15, 1:45, 1:45, 1, 1100.25, 0, 1099.75, 0, OFR, -, -, 359, 
184, 1, -, 350, 1, 003, 1099.5, 5, 1:48, 1:48, 1, 1100.25, 0, 1099.75, 0, OFR, -, -, 360, 
193, 1, -, 350, 2, 001, 1101.25, 25, 1:48, 1:48, 1, 1100.25, 0, 1099.75, 0, OFR, -, -, 361, 
185, 1, -, 8582, 1, 003, 1101, 30, 2:49, 2:49, 1, 1100.25, 0, 1099.75, 0, OFR, -, -, 362, 
194, 1, -, 8582, 1, 001, 1099.75, 15, 2:49, 2:49, 1, 1100.25, 0, 1099.75, 0, OFR, -, -, 363, 
186, 1, -, 4938, 1, 003, 1098.75, 10, 3:33, 3:33, 1, 1100.25, 0, 1099.75, 0, OFR, -, -, 364, 
195, 1, -, 4938, 1, 001, 1097.5, 5, 3:33, 3:33, 1, 1100.25, 0, 1099.75, 0, OFR, -, -, 365, 
188, 1, -, 9721, 1, 003, 1097.5, 15, 4:33, 4:33, 1, 1100.25, 0, 1099.75, 0, OFR, -, -, 366, 
196, 1, -, 9721, 2, 001, 1102.5, 30, 4:33, 4:33, 1, 1100.25, 0, 1099.75, 0, OFR, -, -, 367, 
189, 1, -, 9373, 1, 003, 1099.75, 15, 4:36, 4:36, 1, 1100.25, 0, 1099.75, 0, OFR, -, -, 368, 
197, 1, -, 9373, 2, 001, 1101.25, 5, 4:36, 4:36, 1, 1100.25, 0, 1099.75, 0, OFR, -, -, 369, 
187, 1, -, 1797, 1, 003, 1099.25, 5, 4:41, 4:41, 1, 1100.25, 0, 1099.75, 0, OFR, -, -, 370, 
198, 1, -, 1797, 1, 001, 1099.5, 5, 4:41, 4:41, 1, 1100.25, 0, 1099.75, 0, OFR, -, -, 371, 
190, 1, -, 3901, 1, 003, 1102.5, 25, 5:15, 5:15, 1, 1100.25, 0, 1099.75, 0, OFR, -, -, 372, 
199, 1, -, 3901, 2, 001, 1100.75, 5, 5:15, 5:15, 1, 1100.25, 0, 1099.75, 0, OFR, -, -, 373, 
191, 1, -, 198, 1, 003, 1100.5, 5, 5:22, 5:22, 1, 1100.25, 0, 1099.75, 0, OFR, -, -, 374, 
200, 1, -, 198, 2, 001, 1100.25, 5, 5:22, 5:22, 1, 1100.25, 0, 1099.75, 0, OFR, -, -, 375, 
193, 1, -, 350, 1, 003, 1101.25, 25, 5:45, 5:45, 1, 1100.25, 0, 1099.75, 0, OFR, -, -, 376, 
201, 1, -, 350, 2, 001, 1100.25, 5, 5:45, 5:45, 1, 1100.25, 0, 1099.75, 0, OFR, -, -, 377, 
192, 1, -, 134, 1, 003, 1100.25, 15, 5:59, 5:59, 1, 1100.25, 0, 1099.75, 0, OFR, -, -, 378, 
202, 1, -, 134, 2, 001, 1102.5, 30, 5:59, 5:59, 1, 1100.25, 0, 1099.75, 0, OFR, -, -, 379, 
194, 1, -, 8582, 1, 003, 1099.75, 15, 6:40, 6:40, 1, 1100.25, 0, 1099.75, 0, OFR, -, -, 380, 
203, 1, -, 8582, 2, 001, 1101, 30, 6:40, 6:40, 1, 1100.25, 0, 1099.75, 0, OFR, -, -, 381, 
195, 1, -, 4938, 1, 003, 1097.5, 5, 7:35, 7:35, 1, 1100.25, 0, 1099.75, 0, OFR, -, -, 382, 
204, 1, -, 4938, 1, 001, 1098.5, 5, 7:35, 7:35, 1, 1100.25, 0, 1099.75, 0, OFR, -, -, 383, 
196, 1, -, 9721, 1, 003, 1102.5, 30, 8:21, 8:21, 1, 1100.25, 0, 1099.75, 0, OFR, -, -, 384, 
205, 1, -, 9721, 2, 001, 1102.5, 5, 8:21, 8:21, 1, 1100.25, 0, 1099.75, 0, OFR, -, -, 385, 
197, 1, -, 9373, 1, 003, 1101.25, 5, 8:21, 8:21, 1, 1100.25, 0, 1099.75, 0, OFR, -, -, 386, 
206, 1, -, 9373, 1, 001, 1097.75, 5, 8:21, 8:21, 1, 1100.25, 0, 1099.75, 0, OFR, -, -, 387, 
198, 1, -, 1797, 1, 003, 1099.5, 5, 8:49, 8:49, 1, 1100.25, 0, 1099.75, 0, OFR, -, -, 388, 
207, 1, -, 1797, 2, 001, 1102.5, 20, 8:49, 8:49, 1, 1100.25, 0, 1099.75, 0, OFR, -, -, 389, 
200, 1, -, 198, 1, 003, 1100.25, 5, 9:16, 9:16, 1, 1100.25, 0, 1099.75, 0, OFR, -, -, 390, 
208, 1, -, 198, 1, 001, 1099.75, 5, 9:16, 9:16, 1, 1100.25, 0, 1099.75, 0, OFR, -, -, 391, 
199, 1, -, 3901, 1, 003, 1100.75, 5, 9:30, 9:30, 1, 1100.25, 0, 1099.75, 0, OFR, -, -, 392, 
209, 1, -, 3901, 1, 001, 1098.5, 5, 9:30, 9:30, 1, 1100.25, 0, 1099.75, 0, OFR, -, -, 393, 
201, 1, -, 350, 1, 003, 1100.25, 5, 9:40, 9:40, 1, 1100.25, 0, 1099.75, 0, OFR, -, -, 394, 
210, 1, -, 350, 1, 001, 1098.5, 5, 9:40, 9:40, 1, 1100.25, 0, 1099.75, 0, OFR, -, -, 395, 
202, 1, -, 134, 1, 003, 1102.5, 30, 10:0, 10:0, 1, 1100.25, 0, 1099.75, 0, OFR, -, -, 396, 
211, 1, -, 134, 1, 001, 1099, 30, 10:0, 10:0, 1, 1100.25, 0, 1099.75, 0, OFR, -, -, 397, 
203, 1, -, 8582, 1, 003, 1101, 30, 10:33, 10:33, 1, 1100.25, 0, 1099.75, 0, OFR, -, -, 398, 
212, 1, -, 8582, 1, 001, 1099.75, 25, 10:33, 10:33, 1, 1100.25, 0, 1099.75, 0, OFR, -, -, 399, 
161, 1, -, 65, 1, 003, 1099.25, 8, 11:8, 11:8, 3, 1100.25, 0, 1099.75, 0, OFR, -, -, 400, 
213, 1, -, 65, 2, 001, 1102.5, 4, 11:8, 11:8, 3, 1100.25, 0, 1099.75, 0, OFR, -, -, 401, 
204, 1, -, 4938, 1, 003, 1098.5, 5, 11:27, 11:27, 1, 1100.25, 0, 1099.75, 0, OFR, -, -, 402, 
214, 1, -, 4938, 1, 001, 1099.25, 10, 11:27, 11:27, 1, 1100.25, 0, 1099.75, 0, OFR, -, -, 403, 
164, 1, -, 1619, 1, 003, 1098.75, 4, 11:55, 11:55, 3, 1100.25, 0, 1099.75, 0, OFR, -, -, 404, 
215, 1, -, 1619, 2, 001, 1102.25, 24, 11:55, 11:55, 3, 1100.25, 0, 1099.75, 0, OFR, -, -, 405, 
206, 1, -, 9373, 1, 003, 1097.75, 5, 11:58, 11:58, 1, 1100.25, 0, 1099.75, 0, OFR, -, -, 406, 
216, 1, -, 9373, 1, 001, 1101.25, 20, 11:58, 11:58, 1, 1100.25, 0, 1101.25, 0, OFR, -, -, 407, 
216, 1, -, 9373, 1, 105, 1100.25, 5, 11:58, 11:58, 1, 1100.5, 0, 1101.25, 0, OFR, -, 1, 408, 
7, 1, -, 8274, 2, 105, 1100.25, 5, 11:58, 11:58, 2, 1100.5, 0, 1101.25, 0, OFR, -, 1, 409, 
216, 1, -, 9373, 1, 105, 1100.5, 5, 11:58, 11:58, 1, 1100.75, 0, 1101.25, 0, OFR, -, 2, 410, 
6, 1, -, 8274, 2, 105, 1100.5, 5, 11:58, 11:58, 2, 1100.75, 0, 1101.25, 0, OFR, -, 2, 411, 
216, 1, -, 9373, 1, 105, 1100.75, 5, 11:58, 11:58, 1, 1101, 0, 1101.25, 0, OFR, -, 3, 412, 
5, 1, -, 8274, 2, 105, 1100.75, 5, 11:58, 11:58, 2, 1101, 0, 1101.25, 0, OFR, -, 3, 413, 
216, 1, -, 9373, 1, 105, 1101, 5, 11:58, 11:58, 1, 1101.25, 0, 1099.75, 0, OFR, -, 4, 414, 
4, 1, -, 8274, 2, 105, 1101, 5, 11:58, 11:58, 2, 1101.25, 0, 1099.75, 0, OFR, -, 4, 415, 
205, 1, -, 9721, 1, 003, 1102.5, 5, 12:0, 12:0, 1, 1101.25, 0, 1099.75, 0, OFR, -, -, 416, 
217, 1, -, 9721, 1, 001, 1099, 10, 12:0, 12:0, 1, 1101.25, 0, 1099.75, 0, OFR, -, -, 417, 
1, 2, 1, 8274, 2, 002, 1101.75, 4, 12:5, 12:5, 2, 1101.25, 0, 1099.75, 0, OFR, -, -, 418, 
2, 2, 1, 8274, 2, 002, 1101.5, 4, 12:5, 12:5, 2, 1101.25, 0, 1099.75, 0, OFR, -, -, 419, 
3, 2, 1, 8274, 2, 002, 1101.25, 4, 12:5, 12:5, 2, 1101.25, 0, 1099.75, 0, OFR, -, -, 420, 
11, 1, -, 8274, 1, 003, 1099, 5, 12:5, 12:5, 2, 1101.25, 0, 1099.75, 0, OFR, -, -, 421, 
12, 1, -, 8274, 1, 003, 1098.75, 5, 12:5, 12:5, 2, 1101.25, 0, 1099.75, 0, OFR, -, -, 422, 
13, 1, -, 8274, 1, 003, 1098.5, 5, 12:5, 12:5, 2, 1101.25, 0, 1099.75, 0, OFR, -, -, 423, 
14, 1, -, 8274, 1, 003, 1098.25, 5, 12:5, 12:5, 2, 1101.25, 0, 1099.75, 0, OFR, -, -, 424, 
221, 1, -, 8274, 2, 001, 1102.75, 4, 12:5, 12:5, 2, 1101.25, 0, 1099.75, 0, OFR, -, -, 425, 
222, 1, -, 8274, 2, 001, 1102.5, 4, 12:5, 12:5, 2, 1101.25, 0, 1099.75, 0, OFR, -, -, 426, 
223, 1, -, 8274, 2, 001, 1102.25, 4, 12:5, 12:5, 2, 1101.25, 0, 1099.75, 0, OFR, -, -, 427, 
224, 1, -, 8274, 2, 001, 1102, 4, 12:5, 12:5, 2, 1101.25, 0, 1099.75, 0, OFR, -, -, 428, 
225, 1, -, 8274, 1, 001, 1100.75, 5, 12:5, 12:5, 2, 1101.25, 0, 1100.75, 0, OFR, -, -, 429, 
226, 1, -, 8274, 1, 001, 1100.5, 5, 12:5, 12:5, 2, 1101.25, 0, 1100.75, 0, OFR, -, -, 430, 
227, 1, -, 8274, 1, 001, 1100.25, 5, 12:5, 12:5, 2, 1101.25, 0, 1100.75, 0, OFR, -, -, 431, 
228, 1, -, 8274, 1, 001, 1100, 5, 12:5, 12:5, 2, 1101.25, 0, 1100.75, 0, OFR, -, -, 432, 
207, 1, -, 1797, 1, 003, 1102.5, 20, 12:53, 12:53, 1, 1101.25, 0, 1100.75, 0, OFR, -, -, 433, 
229, 1, -, 1797, 2, 001, 1101.5, 10, 12:53, 12:53, 1, 1101.25, 0, 1100.75, 0, OFR, -, -, 434, 
208, 1, -, 198, 1, 003, 1099.75, 5, 13:0, 13:0, 1, 1101.25, 0, 1100.75, 0, OFR, -, -, 435, 
230, 1, -, 198, 1, 001, 1102.25, 20, 13:0, 13:0, 1, 1101.25, 0, 1102.25, 0, OFR, -, -, 436, 
230, 1, -, 198, 1, 105, 1101.25, 4, 13:0, 13:0, 1, 1101.5, 0, 1102.25, 0, OFR, -, 5, 437, 
3, 2, 1, 8274, 2, 105, 1101.25, 4, 13:0, 13:0, 2, 1101.5, 0, 1102.25, 0, OFR, -, 5, 438, 
230, 1, -, 198, 1, 105, 1101.5, 4, 13:0, 13:0, 1, 1101.5, 0, 1102.25, 0, OFR, -, 6, 439, 
2, 2, 1, 8274, 2, 105, 1101.5, 4, 13:0, 13:0, 2, 1101.5, 0, 1102.25, 0, OFR, -, 6, 440, 
230, 1, -, 198, 1, 105, 1101.5, 10, 13:0, 13:0, 1, 1101.75, 0, 1102.25, 0, OFR, -, 7, 441, 
229, 1, -, 1797, 2, 105, 1101.5, 10, 13:0, 13:0, 1, 1101.75, 0, 1102.25, 0, OFR, -, 7, 442, 
230, 1, -, 198, 1, 105, 1101.75, 2, 13:0, 13:0, 1, 1101.75, 0, 1100.75, 0, OFR, -, 8, 443, 
1, 2, 1, 8274, 2, 105, 1101.75, 2, 13:0, 13:0, 2, 1101.75, 0, 1100.75, 0, OFR, -, 8, 444, 
1, 2, 1, 8274, 2, 003, 1101.75, 2, 13:8, 13:8, 2, 1101.75, 0, 1100.75, 0, OFR, -, -, 445, 
8, 1, -, 8274, 1, 003, 1099.75, 5, 13:8, 13:8, 2, 1102, 0, 1100.75, 0, OFR, -, -, 446, 
9, 1, -, 8274, 1, 003, 1099.5, 5, 13:8, 13:8, 2, 1102, 0, 1100.75, 0, OFR, -, -, 447, 
10, 1, -, 8274, 1, 003, 1099.25, 5, 13:8, 13:8, 2, 1102, 0, 1100.75, 0, OFR, -, -, 448, 
221, 2, 1, 8274, 2, 002, 1102.75, 3, 13:8, 13:8, 2, 1102, 0, 1100.75, 0, OFR, -, -, 449, 
222, 2, 1, 8274, 2, 002, 1102.5, 3, 13:8, 13:8, 2, 1102, 0, 1100.75, 0, OFR, -, -, 450, 
223, 2, 1, 8274, 2, 002, 1102.25, 3, 13:8, 13:8, 2, 1102, 0, 1100.75, 0, OFR, -, -, 451, 
224, 2, 1, 8274, 2, 002, 1102, 3, 13:8, 13:8, 2, 1102, 0, 1100.75, 0, OFR, -, -, 452, 
235, 1, -, 8274, 2, 001, 1103.5, 3, 13:8, 13:8, 2, 1102, 0, 1100.75, 0, OFR, -, -, 453, 
236, 1, -, 8274, 2, 001, 1103.25, 3, 13:8, 13:8, 2, 1102, 0, 1100.75, 0, OFR, -, -, 454, 
237, 1, -, 8274, 2, 001, 1103, 3, 13:8, 13:8, 2, 1102, 0, 1100.75, 0, OFR, -, -, 455, 
238, 1, -, 8274, 1, 001, 1101.5, 5, 13:8, 13:8, 2, 1102, 0, 1101.5, 0, OFR, -, -, 456, 
239, 1, -, 8274, 1, 001, 1101.25, 5, 13:8, 13:8, 2, 1102, 0, 1101.5, 0, OFR, -, -, 457, 
240, 1, -, 8274, 1, 001, 1101, 5, 13:8, 13:8, 2, 1102, 0, 1101.5, 0, OFR, -, -, 458, 
210, 1, -, 350, 1, 003, 1098.5, 5, 13:27, 13:27, 1, 1102, 0, 1101.5, 0, OFR, -, -, 459, 
241, 1, -, 350, 2, 001, 1102.25, 15, 13:27, 13:27, 1, 1102, 0, 1101.5, 0, OFR, -, -, 460, 
209, 1, -, 3901, 1, 003, 1098.5, 5, 13:45, 13:45, 1, 1102, 0, 1101.5, 0, OFR, -, -, 461, 
242, 1, -, 3901, 1, 001, 1101.5, 15, 13:45, 13:45, 1, 1102, 0, 1101.5, 0, OFR, -, -, 462, 
211, 1, -, 134, 1, 003, 1099, 30, 13:52, 13:52, 1, 1102, 0, 1101.5, 0, OFR, -, -, 463, 
243, 1, -, 134, 1, 001, 1101, 15, 13:52, 13:52, 1, 1102, 0, 1101.5, 0, OFR, -, -, 464, 
212, 1, -, 8582, 1, 003, 1099.75, 25, 14:27, 14:27, 1, 1102, 0, 1101.5, 0, OFR, -, -, 465, 
244, 1, -, 8582, 2, 001, 1103.75, 30, 14:27, 14:27, 1, 1102, 0, 1101.5, 0, OFR, -, -, 466, 
214, 1, -, 4938, 1, 003, 1099.25, 10, 15:16, 15:16, 1, 1102, 0, 1101.5, 0, OFR, -, -, 467, 
245, 1, -, 4938, 1, 001, 1103, 5, 15:16, 15:16, 1, 1102, 0, 1103, 0, OFR, -, -, 468, 
245, 1, -, 4938, 1, 105, 1102, 3, 15:16, 15:16, 1, 1102.25, 0, 1103, 0, OFR, -, 9, 469, 
224, 2, 1, 8274, 2, 105, 1102, 3, 15:16, 15:16, 2, 1102.25, 0, 1103, 0, OFR, -, 9, 470, 
245, 1, -, 4938, 1, 105, 1102.25, 2, 15:16, 15:16, 1, 1102.25, 0, 1101.5, 0, OFR, -, 10, 471, 
215, 1, -, 1619, 2, 105, 1102.25, 2, 15:16, 15:16, 3, 1102.25, 0, 1101.5, 0, OFR, -, 10, 472, 
223, 2, 1, 8274, 2, 003, 1102.25, 3, 15:35, 15:35, 2, 1102.25, 0, 1101.5, 0, OFR, -, -, 473, 
227, 1, -, 8274, 1, 003, 1100.25, 5, 15:35, 15:35, 2, 1102.25, 0, 1101.5, 0, OFR, -, -, 474, 
228, 1, -, 8274, 1, 003, 1100, 5, 15:35, 15:35, 2, 1102.25, 0, 1101.5, 0, OFR, -, -, 475, 
246, 1, -, 8274, 2, 001, 1104, 3, 15:35, 15:35, 2, 1102.25, 0, 1101.5, 0, OFR, -, -, 476, 
247, 1, -, 8274, 2, 001, 1103.75, 3, 15:35, 15:35, 2, 1102.25, 0, 1101.5, 0, OFR, -, -, 477, 
248, 1, -, 8274, 1, 001, 1102, 5, 15:35, 15:35, 2, 1102.25, 0, 1102, 0, OFR, -, -, 478, 
249, 1, -, 8274, 1, 001, 1101.75, 5, 15:35, 15:35, 2, 1102.25, 0, 1102, 0, OFR, -, -, 479, 
217, 1, -, 9721, 1, 003, 1099, 10, 15:45, 15:45, 1, 1102.25, 0, 1102, 0, OFR, -, -, 480, 
250, 1, -, 9721, 2, 001, 1104.25, 30, 15:45, 15:45, 1, 1102.25, 0, 1102, 0, OFR, -, -, 481, 
251, 1, -, 9373, 1, 001, 1103.5, 15, 15:49, 15:49, 1, 1102.25, 0, 1103.5, 0, OFR, -, -, 482, 
251, 1, -, 9373, 1, 105, 1102.25, 15, 15:49, 15:49, 1, 1102.25, 0, 1102, 0, OFR, -, 11, 483, 
215, 1, -, 1619, 2, 105, 1102.25, 15, 15:49, 15:49, 3, 1102.25, 0, 1102, 0, OFR, -, 11, 484, 
252, 1, -, 1797, 2, 001, 1104, 15, 16:58, 16:58, 1, 1102.25, 0, 1102, 0, OFR, -, -, 485, 
253, 1, -, 198, 1, 001, 1103.5, 10, 16:59, 16:59, 1, 1102.25, 0, 1103.5, 0, OFR, -, -, 486, 
253, 1, -, 198, 1, 105, 1102.25, 7, 16:59, 16:59, 1, 1102.25, 0, 1103.5, 0, OFR, -, 12, 487, 
215, 1, -, 1619, 2, 105, 1102.25, 7, 16:59, 16:59, 3, 1102.25, 0, 1103.5, 0, OFR, -, 12, 488, 
253, 1, -, 198, 1, 105, 1102.25, 3, 16:59, 16:59, 1, 1102.25, 0, 1102, 0, OFR, -, 13, 489, 
241, 1, -, 350, 2, 105, 1102.25, 3, 16:59, 16:59, 1, 1102.25, 0, 1102, 0, OFR, -, 13, 490, 
241, 1, -, 350, 1, 003, 1102.25, 12, 17:3, 17:3, 1, 1102.25, 0, 1102, 0, OFR, -, -, 491, 
254, 1, -, 350, 2, 001, 1103, 15, 17:3, 17:3, 1, 1102.5, 0, 1102, 0, OFR, -, -, 492, 
242, 1, -, 3901, 1, 003, 1101.5, 15, 17:55, 17:55, 1, 1102.5, 0, 1102, 0, OFR, -, -, 493, 
255, 1, -, 3901, 1, 001, 1101, 30, 17:55, 17:55, 1, 1102.5, 0, 1102, 0, OFR, -, -, 494, 
243, 1, -, 134, 1, 003, 1101, 15, 17:59, 17:59, 1, 1102.5, 0, 1102, 0, OFR, -, -, 495, 
256, 1, -, 134, 2, 001, 1103, 10, 17:59, 17:59, 1, 1102.5, 0, 1102, 0, OFR, -, -, 496, 
244, 1, -, 8582, 1, 003, 1103.75, 30, 18:9, 18:9, 1, 1102.5, 0, 1102, 0, OFR, -, -, 497, 
257, 1, -, 8582, 2, 001, 1102.5, 30, 18:9, 18:9, 1, 1102.5, 0, 1102, 0, OFR, -, -, 498, 
258, 1, -, 4938, 1, 001, 1102, 15, 19:14, 19:14, 1, 1102.5, 0, 1102, 0, OFR, -, -, 499, 
259, 1, -, 9373, 1, 001, 1103.5, 30, 19:31, 19:31, 1, 1102.5, 0, 1103.5, 0, OFR, -, -, 500, 
259, 1, -, 9373, 1, 105, 1102.5, 4, 19:31, 19:31, 1, 1102.5, 0, 1103.5, 0, OFR, -, 14, 501, 
213, 1, -, 65, 2, 105, 1102.5, 4, 19:31, 19:31, 3, 1102.5, 0, 1103.5, 0, OFR, -, 14, 502, 
259, 1, -, 9373, 1, 105, 1102.5, 3, 19:31, 19:31, 1, 1102.5, 0, 1103.5, 0, OFR, -, 15, 503, 
222, 2, 1, 8274, 2, 105, 1102.5, 3, 19:31, 19:31, 2, 1102.5, 0, 1103.5, 0, OFR, -, 15, 504, 
259, 1, -, 9373, 1, 105, 1102.5, 23, 19:31, 19:31, 1, 1102.5, 0, 1102, 0, OFR, -, 16, 505, 
257, 1, -, 8582, 2, 105, 1102.5, 23, 19:31, 19:31, 1, 1102.5, 0, 1102, 0, OFR, -, 16, 506, 
250, 1, -, 9721, 1, 003, 1104.25, 30, 19:34, 19:34, 1, 1102.5, 0, 1102, 0, OFR, -, -, 507, 
260, 1, -, 9721, 1, 001, 1101.5, 5, 19:34, 19:34, 1, 1102.5, 0, 1102, 0, OFR, -, -, 508, 
226, 1, -, 8274, 1, 003, 1100.5, 5, 19:46, 19:46, 2, 1102.5, 0, 1102, 0, OFR, -, -, 509, 
261, 1, -, 8274, 2, 001, 1104.25, 3, 19:46, 19:46, 2, 1102.5, 0, 1102, 0, OFR, -, -, 510, 
262, 1, -, 8274, 1, 001, 1102.25, 5, 19:46, 19:46, 2, 1102.5, 0, 1102.25, 0, OFR, -, -, 511, 
254, 1, -, 350, 1, 003, 1103, 15, 20:45, 20:45, 1, 1102.5, 0, 1102.25, 0, OFR, -, -, 512, 
263, 1, -, 350, 1, 001, 1100.5, 30, 20:45, 20:45, 1, 1102.5, 0, 1102.25, 0, OFR, -, -, 513, 
264, 1, -, 198, 1, 001, 1101.75, 10, 20:57, 20:57, 1, 1102.5, 0, 1102.25, 0, OFR, -, -, 514, 
252, 1, -, 1797, 1, 003, 1104, 15, 21:18, 21:18, 1, 1102.5, 0, 1102.25, 0, OFR, -, -, 515, 
265, 1, -, 1797, 1, 001, 1103.75, 10, 21:18, 21:18, 1, 1102.5, 0, 1103.75, 0, OFR, -, -, 516, 
265, 1, -, 1797, 1, 105, 1102.5, 7, 21:18, 21:18, 1, 1102.75, 0, 1103.75, 0, OFR, -, 17, 517, 
257, 1, -, 8582, 2, 105, 1102.5, 7, 21:18, 21:18, 1, 1102.75, 0, 1103.75, 0, OFR, -, 17, 518, 
265, 1, -, 1797, 1, 105, 1102.75, 3, 21:18, 21:18, 1, 1103, 0, 1102.25, 0, OFR, -, 18, 519, 
221, 2, 1, 8274, 2, 105, 1102.75, 3, 21:18, 21:18, 2, 1103, 0, 1102.25, 0, OFR, -, 18, 520, 
225, 1, -, 8274, 1, 003, 1100.75, 5, 21:31, 21:31, 2, 1103, 0, 1102.25, 0, OFR, -, -, 521, 
235, 2, 1, 8274, 2, 002, 1103.5, 2, 21:31, 21:31, 2, 1103, 0, 1102.25, 0, OFR, -, -, 522, 
236, 2, 1, 8274, 2, 002, 1103.25, 2, 21:31, 21:31, 2, 1103, 0, 1102.25, 0, OFR, -, -, 523, 
237, 2, 1, 8274, 2, 002, 1103, 2, 21:31, 21:31, 2, 1103, 0, 1102.25, 0, OFR, -, -, 524, 
246, 2, 1, 8274, 2, 002, 1104, 2, 21:31, 21:31, 2, 1103, 0, 1102.25, 0, OFR, -, -, 525, 
247, 2, 1, 8274, 2, 002, 1103.75, 2, 21:31, 21:31, 2, 1103, 0, 1102.25, 0, OFR, -, -, 526, 
261, 2, 1, 8274, 2, 002, 1104.25, 2, 21:31, 21:31, 2, 1103, 0, 1102.25, 0, OFR, -, -, 527, 
272, 1, -, 8274, 2, 001, 1104.5, 2, 21:31, 21:31, 2, 1103, 0, 1102.25, 0, OFR, -, -, 528, 
273, 1, -, 8274, 1, 001, 1102.5, 5, 21:31, 21:31, 2, 1103, 0, 1102.5, 0, OFR, -, -, 529, 
274, 1, -, 8582, 1, 001, 1104, 5, 21:55, 21:55, 1, 1103, 0, 1104, 0, OFR, -, -, 530, 
274, 1, -, 8582, 1, 105, 1103, 5, 21:55, 21:55, 1, 1103, 0, 1102.5, 0, OFR, -, 19, 531, 
256, 1, -, 134, 2, 105, 1103, 5, 21:55, 21:55, 1, 1103, 0, 1102.5, 0, OFR, -, 19, 532, 
256, 1, -, 134, 1, 003, 1103, 5, 22:0, 22:0, 1, 1103, 0, 1102.5, 0, OFR, -, -, 533, 
275, 1, -, 134, 1, 001, 1102, 5, 22:0, 22:0, 1, 1103, 0, 1102.5, 0, OFR, -, -, 534, 
255, 1, -, 3901, 1, 003, 1101, 30, 22:5, 22:5, 1, 1103, 0, 1102.5, 0, OFR, -, -, 535, 
276, 1, -, 3901, 1, 001, 1104.25, 25, 22:5, 22:5, 1, 1103, 0, 1104.25, 0, OFR, -, -, 536, 
276, 1, -, 3901, 1, 105, 1103, 2, 22:5, 22:5, 1, 1103.25, 0, 1104.25, 0, OFR, -, 20, 537, 
237, 2, 1, 8274, 2, 105, 1103, 2, 22:5, 22:5, 2, 1103.25, 0, 1104.25, 0, OFR, -, 20, 538, 
276, 1, -, 3901, 1, 105, 1103.25, 2, 22:5, 22:5, 1, 1103.5, 0, 1104.25, 0, OFR, -, 21, 539, 
236, 2, 1, 8274, 2, 105, 1103.25, 2, 22:5, 22:5, 2, 1103.5, 0, 1104.25, 0, OFR, -, 21, 540, 
276, 1, -, 3901, 1, 105, 1103.5, 2, 22:5, 22:5, 1, 1103.75, 0, 1104.25, 0, OFR, -, 22, 541, 
235, 2, 1, 8274, 2, 105, 1103.5, 2, 22:5, 22:5, 2, 1103.75, 0, 1104.25, 0, OFR, -, 22, 542, 
276, 1, -, 3901, 1, 105, 1103.75, 2, 22:5, 22:5, 1, 1104, 0, 1104.25, 0, OFR, -, 23, 543, 
247, 2, 1, 8274, 2, 105, 1103.75, 2, 22:5, 22:5, 2, 1104, 0, 1104.25, 0, OFR, -, 23, 544, 
276, 1, -, 3901, 1, 105, 1104, 2, 22:5, 22:5, 1, 1104.25, 0, 1104.25, 0, OFR, -, 24, 545, 
246, 2, 1, 8274, 2, 105, 1104, 2, 22:5, 22:5, 2, 1104.25, 0, 1104.25, 0, OFR, -, 24, 546, 
276, 1, -, 3901, 1, 105, 1104.25, 2, 22:5, 22:5, 1, 1104.5, 0, 1104.25, 0, OFR, -, 25, 547, 
261, 2, 1, 8274, 2, 105, 1104.25, 2, 22:5, 22:5, 2, 1104.5, 0, 1104.25, 0, OFR, -, 25, 548, 
238, 1, -, 8274, 1, 003, 1101.5, 5, 22:14, 22:14, 2, 1104.5, 0, 1104.25, 0, OFR, -, -, 549, 
239, 1, -, 8274, 1, 003, 1101.25, 5, 22:14, 22:14, 2, 1104.5, 0, 1104.25, 0, OFR, -, -, 550, 
240, 1, -, 8274, 1, 003, 1101, 5, 22:14, 22:14, 2, 1104.5, 0, 1104.25, 0, OFR, -, -, 551, 
248, 1, -, 8274, 1, 003, 1102, 5, 22:14, 22:14, 2, 1104.5, 0, 1104.25, 0, OFR, -, -, 552, 
249, 1, -, 8274, 1, 003, 1101.75, 5, 22:14, 22:14, 2, 1104.5, 0, 1104.25, 0, OFR, -, -, 553, 
262, 1, -, 8274, 1, 003, 1102.25, 5, 22:14, 22:14, 2, 1104.5, 0, 1104.25, 0, OFR, -, -, 554, 
272, 2, 1, 8274, 2, 002, 1104.5, 1, 22:14, 22:14, 2, 1104.5, 0, 1104.25, 0, OFR, -, -, 555, 
278, 1, -, 8274, 2, 001, 1106, 1, 22:14, 22:14, 2, 1104.5, 0, 1104.25, 0, OFR, -, -, 556, 
279, 1, -, 8274, 2, 001, 1105.75, 1, 22:14, 22:14, 2, 1104.5, 0, 1104.25, 0, OFR, -, -, 557, 
280, 1, -, 8274, 2, 001, 1105.5, 1, 22:14, 22:14, 2, 1104.5, 0, 1104.25, 0, OFR, -, -, 558, 
281, 1, -, 8274, 2, 001, 1105.25, 1, 22:14, 22:14, 2, 1104.5, 0, 1104.25, 0, OFR, -, -, 559, 
282, 1, -, 8274, 2, 001, 1105, 1, 22:14, 22:14, 2, 1104.5, 0, 1104.25, 0, OFR, -, -, 560, 
283, 1, -, 8274, 2, 001, 1104.75, 1, 22:14, 22:14, 2, 1104.5, 0, 1104.25, 0, OFR, -, -, 561, 
284, 1, -, 8274, 1, 001, 1104, 5, 22:14, 22:14, 2, 1104.5, 0, 1104.25, 0, OFR, -, -, 562, 
285, 1, -, 8274, 1, 001, 1103.75, 5, 22:14, 22:14, 2, 1104.5, 0, 1104.25, 0, OFR, -, -, 563, 
286, 1, -, 8274, 1, 001, 1103.5, 5, 22:14, 22:14, 2, 1104.5, 0, 1104.25, 0, OFR, -, -, 564, 
287, 1, -, 8274, 1, 001, 1103.25, 5, 22:14, 22:14, 2, 1104.5, 0, 1104.25, 0, OFR, -, -, 565, 
288, 1, -, 8274, 1, 001, 1103, 5, 22:14, 22:14, 2, 1104.5, 0, 1104.25, 0, OFR, -, -, 566, 
289, 1, -, 8274, 1, 001, 1102.75, 5, 22:14, 22:14, 2, 1104.5, 0, 1104.25, 0, OFR, -, -, 567, 
258, 1, -, 4938, 1, 003, 1102, 15, 23:4, 23:4, 1, 1104.5, 0, 1104.25, 0, OFR, -, -, 568, 
290, 1, -, 4938, 2, 001, 1103, 30, 23:4, 23:4, 1, 1103, 0, 1104.25, 0, OFR, -, -, 569, 
276, 1, -, 3901, 1, 105, 1104.25, 13, 23:4, 23:4, 1, 1103, 0, 1104, 0, OFR, -, 26, 570, 
290, 1, -, 4938, 2, 105, 1104.25, 13, 23:4, 23:4, 1, 1103, 0, 1104, 0, OFR, -, 26, 571, 
284, 1, -, 8274, 1, 105, 1104, 5, 23:4, 23:4, 2, 1103, 0, 1103.75, 0, OFR, -, 27, 572, 
290, 1, -, 4938, 2, 105, 1104, 5, 23:4, 23:4, 1, 1103, 0, 1103.75, 0, OFR, -, 27, 573, 
285, 1, -, 8274, 1, 105, 1103.75, 5, 23:4, 23:4, 2, 1103, 0, 1103.5, 0, OFR, -, 28, 574, 
290, 1, -, 4938, 2, 105, 1103.75, 5, 23:4, 23:4, 1, 1103, 0, 1103.5, 0, OFR, -, 28, 575, 
286, 1, -, 8274, 1, 105, 1103.5, 5, 23:4, 23:4, 2, 1103, 0, 1103.25, 0, OFR, -, 29, 576, 
290, 1, -, 4938, 2, 105, 1103.5, 5, 23:4, 23:4, 1, 1103, 0, 1103.25, 0, OFR, -, 29, 577, 
287, 1, -, 8274, 1, 105, 1103.25, 2, 23:4, 23:4, 2, 1104.5, 0, 1103.25, 0, OFR, -, 30, 578, 
290, 1, -, 4938, 2, 105, 1103.25, 2, 23:4, 23:4, 1, 1104.5, 0, 1103.25, 0, OFR, -, 30, 579, 
272, 3, 2, 8274, 2, 002, 1104.5, 3, 23:16, 23:16, 2, 1104.5, 0, 1103.25, 0, OFR, -, -, 580, 
278, 1, -, 8274, 2, 003, 1106, 1, 23:16, 23:16, 2, 1104.5, 0, 1103.25, 0, OFR, -, -, 581, 
279, 1, -, 8274, 2, 003, 1105.75, 1, 23:16, 23:16, 2, 1104.5, 0, 1103.25, 0, OFR, -, -, 582, 
280, 1, -, 8274, 2, 003, 1105.5, 1, 23:16, 23:16, 2, 1104.5, 0, 1103.25, 0, OFR, -, -, 583, 
281, 1, -, 8274, 2, 003, 1105.25, 1, 23:16, 23:16, 2, 1104.5, 0, 1103.25, 0, OFR, -, -, 584, 
282, 2, 1, 8274, 2, 002, 1105, 3, 23:16, 23:16, 2, 1104.5, 0, 1103.25, 0, OFR, -, -, 585, 
283, 2, 1, 8274, 2, 002, 1104.75, 3, 23:16, 23:16, 2, 1104.5, 0, 1103.25, 0, OFR, -, -, 586, 
287, 1, -, 8274, 1, 003, 1103.25, 3, 23:16, 23:16, 2, 1104.5, 0, 1103.25, 0, OFR, -, -, 587, 
294, 1, -, 8274, 2, 001, 1104.25, 3, 23:16, 23:16, 2, 1104.25, 0, 1103, 0, OFR, -, -, 588, 
295, 1, -, 8274, 2, 001, 1104, 3, 23:16, 23:16, 2, 1104, 0, 1103, 0, OFR, -, -, 589, 
296, 1, -, 8274, 2, 001, 1103.75, 3, 23:16, 23:16, 2, 1103.75, 0, 1103, 0, OFR, -, -, 590, 
297, 1, -, 8274, 2, 001, 1103.5, 3, 23:16, 23:16, 2, 1103.5, 0, 1103, 0, OFR, -, -, 591, 
298, 1, -, 8274, 1, 001, 1102.25, 5, 23:16, 23:16, 2, 1103.5, 0, 1103, 0, OFR, -, -, 592, 
299, 1, -, 8274, 1, 001, 1102, 5, 23:16, 23:16, 2, 1103.5, 0, 1103, 0, OFR, -, -, 593, 
300, 1, -, 8274, 1, 001, 1101.75, 5, 23:16, 23:16, 2, 1103.5, 0, 1103, 0, OFR, -, -, 594, 
301, 1, -, 8274, 1, 001, 1101.5, 5, 23:16, 23:16, 2, 1103.5, 0, 1103, 0, OFR, -, -, 595, 
302, 1, -, 9373, 2, 001, 1103.5, 25, 23:25, 23:25, 1, 1103.5, 0, 1103, 0, OFR, -, -, 596, 
260, 1, -, 9721, 1, 003, 1101.5, 5, 23:28, 23:28, 1, 1103.5, 0, 1103, 0, OFR, -, -, 597, 
303, 1, -, 9721, 1, 001, 1100.75, 5, 23:28, 23:28, 1, 1103.5, 0, 1103, 0, OFR, -, -, 598, 
263, 1, -, 350, 1, 003, 1100.5, 30, 24:35, 24:35, 1, 1103.5, 0, 1103, 0, OFR, -, -, 599, 
304, 1, -, 350, 2, 001, 1102, 30, 24:35, 24:35, 1, 1102, 0, 1103, 0, OFR, -, -, 600, 
288, 1, -, 8274, 1, 105, 1103, 5, 24:35, 24:35, 2, 1102, 0, 1102.75, 0, OFR, -, 31, 601, 
304, 1, -, 350, 2, 105, 1103, 5, 24:35, 24:35, 1, 1102, 0, 1102.75, 0, OFR, -, 31, 602, 
289, 1, -, 8274, 1, 105, 1102.75, 5, 24:35, 24:35, 2, 1102, 0, 1102.5, 0, OFR, -, 32, 603, 
304, 1, -, 350, 2, 105, 1102.75, 5, 24:35, 24:35, 1, 1102, 0, 1102.5, 0, OFR, -, 32, 604, 
273, 1, -, 8274, 1, 105, 1102.5, 5, 24:35, 24:35, 2, 1102, 0, 1102.25, 0, OFR, -, 33, 605, 
304, 1, -, 350, 2, 105, 1102.5, 5, 24:35, 24:35, 1, 1102, 0, 1102.25, 0, OFR, -, 33, 606, 
298, 1, -, 8274, 1, 105, 1102.25, 5, 24:35, 24:35, 2, 1102, 0, 1102, 0, OFR, -, 34, 607, 
304, 1, -, 350, 2, 105, 1102.25, 5, 24:35, 24:35, 1, 1102, 0, 1102, 0, OFR, -, 34, 608, 
299, 1, -, 8274, 1, 105, 1102, 5, 24:35, 24:35, 2, 1102, 0, 1102, 0, OFR, -, 35, 609, 
304, 1, -, 350, 2, 105, 1102, 5, 24:35, 24:35, 1, 1102, 0, 1102, 0, OFR, -, 35, 610, 
275, 1, -, 134, 1, 105, 1102, 5, 24:35, 24:35, 1, 1103.5, 0, 1101.75, 0, OFR, -, 36, 611, 
304, 1, -, 350, 2, 105, 1102, 5, 24:35, 24:35, 1, 1103.5, 0, 1101.75, 0, OFR, -, 36, 612, 
264, 1, -, 198, 1, 003, 1101.75, 10, 24:41, 24:41, 1, 1103.5, 0, 1101.75, 0, OFR, -, -, 613, 
305, 1, -, 198, 1, 001, 1101.25, 30, 24:41, 24:41, 1, 1103.5, 0, 1101.75, 0, OFR, -, -, 614, 
272, 3, 2, 8274, 2, 003, 1104.5, 3, 24:41, 24:41, 2, 1103.5, 0, 1101.75, 0, OFR, -, -, 615, 
282, 2, 1, 8274, 2, 003, 1105, 3, 24:41, 24:41, 2, 1103.5, 0, 1101.75, 0, OFR, -, -, 616, 
283, 2, 1, 8274, 2, 003, 1104.75, 3, 24:41, 24:41, 2, 1103.5, 0, 1101.75, 0, OFR, -, -, 617, 
294, 1, -, 8274, 2, 003, 1104.25, 3, 24:41, 24:41, 2, 1103.5, 0, 1101.75, 0, OFR, -, -, 618, 
295, 1, -, 8274, 2, 003, 1104, 3, 24:41, 24:41, 2, 1103.5, 0, 1101.75, 0, OFR, -, -, 619, 
296, 2, 1, 8274, 2, 002, 1103.75, 5, 24:41, 24:41, 2, 1103.5, 0, 1101.75, 0, OFR, -, -, 620, 
297, 2, 1, 8274, 2, 002, 1103.5, 5, 24:41, 24:41, 2, 1103.5, 0, 1101.75, 0, OFR, -, -, 621, 
308, 1, -, 8274, 2, 001, 1103.25, 5, 24:41, 24:41, 2, 1103.25, 0, 1101.75, 0, OFR, -, -, 622, 
309, 1, -, 8274, 2, 001, 1103, 5, 24:41, 24:41, 2, 1103, 0, 1101.75, 0, OFR, -, -, 623, 
310, 1, -, 8274, 2, 001, 1102.75, 5, 24:41, 24:41, 2, 1102.75, 0, 1101.75, 0, OFR, -, -, 624, 
311, 1, -, 8274, 2, 001, 1102.5, 5, 24:41, 24:41, 2, 1102.5, 0, 1101.75, 0, OFR, -, -, 625, 
312, 1, -, 8274, 2, 001, 1102.25, 5, 24:41, 24:41, 2, 1102.25, 0, 1101.75, 0, OFR, -, -, 626, 
313, 1, -, 8274, 1, 001, 1101.25, 5, 24:41, 24:41, 2, 1102.25, 0, 1101.75, 0, OFR, -, -, 627, 
314, 1, -, 8274, 1, 001, 1101, 5, 24:41, 24:41, 2, 1102.25, 0, 1101.75, 0, OFR, -, -, 628, 
315, 1, -, 8274, 1, 001, 1100.75, 5, 24:41, 24:41, 2, 1102.25, 0, 1101.75, 0, OFR, -, -, 629, 
316, 1, -, 8274, 1, 001, 1100.5, 5, 24:41, 24:41, 2, 1102.25, 0, 1101.75, 0, OFR, -, -, 630, 
317, 1, -, 8274, 1, 001, 1100.25, 5, 24:41, 24:41, 2, 1102.25, 0, 1101.75, 0, OFR, -, -, 631, 
318, 1, -, 1797, 2, 001, 1100.75, 30, 25:19, 25:19, 1, 1100.75, 0, 1101.75, 0, OFR, -, -, 632, 
300, 1, -, 8274, 1, 105, 1101.75, 5, 25:19, 25:19, 2, 1100.75, 0, 1101.5, 0, OFR, -, 37, 633, 
318, 1, -, 1797, 2, 105, 1101.75, 5, 25:19, 25:19, 1, 1100.75, 0, 1101.5, 0, OFR, -, 37, 634, 
301, 1, -, 8274, 1, 105, 1101.5, 5, 25:19, 25:19, 2, 1100.75, 0, 1101.25, 0, OFR, -, 38, 635, 
318, 1, -, 1797, 2, 105, 1101.5, 5, 25:19, 25:19, 1, 1100.75, 0, 1101.25, 0, OFR, -, 38, 636, 
313, 1, -, 8274, 1, 105, 1101.25, 5, 25:19, 25:19, 2, 1100.75, 0, 1101.25, 0, OFR, -, 39, 637, 
318, 1, -, 1797, 2, 105, 1101.25, 5, 25:19, 25:19, 1, 1100.75, 0, 1101.25, 0, OFR, -, 39, 638, 
305, 1, -, 198, 1, 105, 1101.25, 15, 25:19, 25:19, 1, 1102.25, 0, 1101.25, 0, OFR, -, 40, 639, 
318, 1, -, 1797, 2, 105, 1101.25, 15, 25:19, 25:19, 1, 1102.25, 0, 1101.25, 0, OFR, -, 40, 640, 
296, 2, 1, 8274, 2, 003, 1103.75, 5, 25:23, 25:23, 2, 1102.25, 0, 1101.25, 0, OFR, -, -, 641, 
297, 2, 1, 8274, 2, 003, 1103.5, 5, 25:23, 25:23, 2, 1102.25, 0, 1101.25, 0, OFR, -, -, 642, 
308, 1, -, 8274, 2, 003, 1103.25, 5, 25:23, 25:23, 2, 1102.25, 0, 1101.25, 0, OFR, -, -, 643, 
319, 1, -, 8274, 2, 001, 1102, 5, 25:23, 25:23, 2, 1102, 0, 1101.25, 0, OFR, -, -, 644, 
320, 1, -, 8274, 2, 001, 1101.75, 5, 25:23, 25:23, 2, 1101.75, 0, 1101.25, 0, OFR, -, -, 645, 
321, 1, -, 8274, 2, 001, 1101.5, 5, 25:23, 25:23, 2, 1101.5, 0, 1101.25, 0, OFR, -, -, 646, 
322, 1, -, 8274, 1, 001, 1100, 5, 25:23, 25:23, 2, 1101.5, 0, 1101.25, 0, OFR, -, -, 647, 
323, 1, -, 8274, 1, 001, 1099.75, 5, 25:23, 25:23, 2, 1101.5, 0, 1101.25, 0, OFR, -, -, 648, 
324, 1, -, 8274, 1, 001, 1099.5, 5, 25:23, 25:23, 2, 1101.5, 0, 1101.25, 0, OFR, -, -, 649, 
325, 1, -, 8582, 2, 001, 1100, 15, 25:46, 25:46, 1, 1100, 0, 1101.25, 0, OFR, -, -, 650, 
305, 1, -, 198, 1, 105, 1101.25, 15, 25:46, 25:46, 1, 1101.5, 0, 1101, 0, OFR, -, 41, 651, 
325, 1, -, 8582, 2, 105, 1101.25, 15, 25:46, 25:46, 1, 1101.5, 0, 1101, 0, OFR, -, 41, 652, 
326, 1, -, 134, 1, 001, 1099.5, 30, 25:57, 25:57, 1, 1101.5, 0, 1101, 0, OFR, -, -, 653, 
327, 1, -, 3901, 1, 001, 1102.5, 25, 26:25, 26:25, 1, 1101.5, 0, 1102.5, 0, OFR, -, -, 654, 
327, 1, -, 3901, 1, 105, 1101.5, 5, 26:25, 26:25, 1, 1101.75, 0, 1102.5, 0, OFR, -, 42, 655, 
321, 1, -, 8274, 2, 105, 1101.5, 5, 26:25, 26:25, 2, 1101.75, 0, 1102.5, 0, OFR, -, 42, 656, 
327, 1, -, 3901, 1, 105, 1101.75, 5, 26:25, 26:25, 1, 1102, 0, 1102.5, 0, OFR, -, 43, 657, 
320, 1, -, 8274, 2, 105, 1101.75, 5, 26:25, 26:25, 2, 1102, 0, 1102.5, 0, OFR, -, 43, 658, 
327, 1, -, 3901, 1, 105, 1102, 5, 26:25, 26:25, 1, 1102.25, 0, 1102.5, 0, OFR, -, 44, 659, 
319, 1, -, 8274, 2, 105, 1102, 5, 26:25, 26:25, 2, 1102.25, 0, 1102.5, 0, OFR, -, 44, 660, 
327, 1, -, 3901, 1, 105, 1102.25, 5, 26:25, 26:25, 1, 1102.5, 0, 1102.5, 0, OFR, -, 45, 661, 
312, 1, -, 8274, 2, 105, 1102.25, 5, 26:25, 26:25, 2, 1102.5, 0, 1102.5, 0, OFR, -, 45, 662, 
327, 1, -, 3901, 1, 105, 1102.5, 5, 26:25, 26:25, 1, 1102.75, 0, 1101, 0, OFR, -, 46, 663, 
311, 1, -, 8274, 2, 105, 1102.5, 5, 26:25, 26:25, 2, 1102.75, 0, 1101, 0, OFR, -, 46, 664, 
309, 2, 1, 8274, 2, 002, 1103, 4, 26:26, 26:26, 2, 1102.75, 0, 1101, 0, OFR, -, -, 665, 
310, 2, 1, 8274, 2, 002, 1102.75, 4, 26:26, 26:26, 2, 1102.75, 0, 1101, 0, OFR, -, -, 666, 
316, 1, -, 8274, 1, 003, 1100.5, 5, 26:26, 26:26, 2, 1102.75, 0, 1101, 0, OFR, -, -, 667, 
317, 1, -, 8274, 1, 003, 1100.25, 5, 26:26, 26:26, 2, 1102.75, 0, 1101, 0, OFR, -, -, 668, 
322, 1, -, 8274, 1, 003, 1100, 5, 26:26, 26:26, 2, 1102.75, 0, 1101, 0, OFR, -, -, 669, 
323, 1, -, 8274, 1, 003, 1099.75, 5, 26:26, 26:26, 2, 1102.75, 0, 1101, 0, OFR, -, -, 670, 
324, 1, -, 8274, 1, 003, 1099.5, 5, 26:26, 26:26, 2, 1102.75, 0, 1101, 0, OFR, -, -, 671, 
330, 1, -, 8274, 2, 001, 1104.25, 4, 26:26, 26:26, 2, 1102.75, 0, 1101, 0, OFR, -, -, 672, 
331, 1, -, 8274, 2, 001, 1104, 4, 26:26, 26:26, 2, 1102.75, 0, 1101, 0, OFR, -, -, 673, 
332, 1, -, 8274, 2, 001, 1103.75, 4, 26:26, 26:26, 2, 1102.75, 0, 1101, 0, OFR, -, -, 674, 
333, 1, -, 8274, 2, 001, 1103.5, 4, 26:26, 26:26, 2, 1102.75, 0, 1101, 0, OFR, -, -, 675, 
334, 1, -, 8274, 2, 001, 1103.25, 4, 26:26, 26:26, 2, 1102.75, 0, 1101, 0, OFR, -, -, 676, 
335, 1, -, 8274, 1, 001, 1102.25, 5, 26:26, 26:26, 2, 1102.75, 0, 1102.25, 0, OFR, -, -, 677, 
336, 1, -, 8274, 1, 001, 1102, 5, 26:26, 26:26, 2, 1102.75, 0, 1102.25, 0, OFR, -, -, 678, 
337, 1, -, 8274, 1, 001, 1101.75, 5, 26:26, 26:26, 2, 1102.75, 0, 1102.25, 0, OFR, -, -, 679, 
338, 1, -, 8274, 1, 001, 1101.5, 5, 26:26, 26:26, 2, 1102.75, 0, 1102.25, 0, OFR, -, -, 680, 
339, 1, -, 8274, 1, 001, 1101.25, 5, 26:26, 26:26, 2, 1102.75, 0, 1102.25, 0, OFR, -, -, 681, 
340, 1, -, 4938, 1, 001, 1101.5, 20, 26:27, 26:27, 1, 1102.75, 0, 1102.25, 0, OFR, -, -, 682, 
302, 1, -, 9373, 1, 003, 1103.5, 25, 26:52, 26:52, 1, 1102.75, 0, 1102.25, 0, OFR, -, -, 683, 
341, 1, -, 9373, 2, 001, 1104, 15, 26:52, 26:52, 1, 1102.75, 0, 1102.25, 0, OFR, -, -, 684, 
303, 1, -, 9721, 1, 003, 1100.75, 5, 27:11, 27:11, 1, 1102.75, 0, 1102.25, 0, OFR, -, -, 685, 
342, 1, -, 9721, 1, 001, 1101.75, 15, 27:11, 27:11, 1, 1102.75, 0, 1102.25, 0, OFR, -, -, 686, 
343, 1, -, 350, 2, 001, 1102.75, 5, 28:14, 28:14, 1, 1102.75, 0, 1102.25, 0, OFR, -, -, 687, 
344, 1, -, 198, 1, 001, 1103.75, 5, 28:25, 28:25, 1, 1102.75, 0, 1103.75, 0, OFR, -, -, 688, 
344, 1, -, 198, 1, 105, 1102.75, 4, 28:25, 28:25, 1, 1102.75, 0, 1103.75, 0, OFR, -, 47, 689, 
310, 2, 1, 8274, 2, 105, 1102.75, 4, 28:25, 28:25, 2, 1102.75, 0, 1103.75, 0, OFR, -, 47, 690, 
344, 1, -, 198, 1, 105, 1102.75, 1, 28:25, 28:25, 1, 1102.75, 0, 1102.25, 0, OFR, -, 48, 691, 
343, 1, -, 350, 2, 105, 1102.75, 1, 28:25, 28:25, 1, 1102.75, 0, 1102.25, 0, OFR, -, 48, 692, 
315, 1, -, 8274, 1, 003, 1100.75, 5, 28:31, 28:31, 2, 1102.75, 0, 1102.25, 0, OFR, -, -, 693, 
345, 1, -, 8274, 2, 001, 1104.5, 4, 28:31, 28:31, 2, 1102.75, 0, 1102.25, 0, OFR, -, -, 694, 
346, 1, -, 8274, 1, 001, 1102.5, 5, 28:31, 28:31, 2, 1102.75, 0, 1102.5, 0, OFR, -, -, 695, 
347, 1, -, 1797, 2, 001, 1101.5, 15, 29:20, 29:20, 1, 1101.5, 0, 1102.5, 0, OFR, -, -, 696, 
346, 1, -, 8274, 1, 105, 1102.5, 5, 29:20, 29:20, 2, 1101.5, 0, 1102.25, 0, OFR, -, 49, 697, 
347, 1, -, 1797, 2, 105, 1102.5, 5, 29:20, 29:20, 1, 1101.5, 0, 1102.25, 0, OFR, -, 49, 698, 
335, 1, -, 8274, 1, 105, 1102.25, 5, 29:20, 29:20, 2, 1101.5, 0, 1102, 0, OFR, -, 50, 699, 
347, 1, -, 1797, 2, 105, 1102.25, 5, 29:20, 29:20, 1, 1101.5, 0, 1102, 0, OFR, -, 50, 700, 
336, 1, -, 8274, 1, 105, 1102, 5, 29:20, 29:20, 2, 1102.75, 0, 1101.75, 0, OFR, -, 51, 701, 
347, 1, -, 1797, 2, 105, 1102, 5, 29:20, 29:20, 1, 1102.75, 0, 1101.75, 0, OFR, -, 51, 702, 
309, 3, 2, 8274, 2, 002, 1103, 5, 29:35, 29:35, 2, 1102.75, 0, 1101.75, 0, OFR, -, -, 703, 
330, 1, -, 8274, 2, 003, 1104.25, 4, 29:35, 29:35, 2, 1102.75, 0, 1101.75, 0, OFR, -, -, 704, 
331, 1, -, 8274, 2, 003, 1104, 4, 29:35, 29:35, 2, 1102.75, 0, 1101.75, 0, OFR, -, -, 705, 
332, 2, 1, 8274, 2, 002, 1103.75, 5, 29:35, 29:35, 2, 1102.75, 0, 1101.75, 0, OFR, -, -, 706, 
333, 2, 1, 8274, 2, 002, 1103.5, 5, 29:35, 29:35, 2, 1102.75, 0, 1101.75, 0, OFR, -, -, 707, 
334, 2, 1, 8274, 2, 002, 1103.25, 5, 29:35, 29:35, 2, 1102.75, 0, 1101.75, 0, OFR, -, -, 708, 
345, 1, -, 8274, 2, 003, 1104.5, 4, 29:35, 29:35, 2, 1102.75, 0, 1101.75, 0, OFR, -, -, 709, 
352, 1, -, 8274, 2, 001, 1102.75, 5, 29:35, 29:35, 2, 1102.75, 0, 1101.75, 0, OFR, -, -, 710, 
353, 1, -, 8274, 2, 001, 1102.5, 5, 29:35, 29:35, 2, 1102.5, 0, 1101.75, 0, OFR, -, -, 711, 
354, 1, -, 8274, 2, 001, 1102.25, 5, 29:35, 29:35, 2, 1102.25, 0, 1101.75, 0, OFR, -, -, 712, 
355, 1, -, 8274, 1, 001, 1100.75, 5, 29:35, 29:35, 2, 1102.25, 0, 1101.75, 0, OFR, -, -, 713, 
356, 1, -, 8274, 1, 001, 1100.5, 5, 29:35, 29:35, 2, 1102.25, 0, 1101.75, 0, OFR, -, -, 714, 
357, 1, -, 8274, 1, 001, 1100.25, 5, 29:35, 29:35, 2, 1102.25, 0, 1101.75, 0, OFR, -, -, 715, 
326, 1, -, 134, 1, 003, 1099.5, 30, 29:45, 29:45, 1, 1102.25, 0, 1101.75, 0, OFR, -, -, 716, 
358, 1, -, 134, 2, 001, 1103.5, 15, 29:45, 29:45, 1, 1102.25, 0, 1101.75, 0, OFR, -, -, 717, 
359, 1, -, 8582, 2, 001, 1102.25, 15, 29:52, 29:52, 1, 1102.25, 0, 1101.75, 0, OFR, -, -, 718, 
340, 1, -, 4938, 1, 003, 1101.5, 20, 30:22, 30:22, 1, 1102.25, 0, 1101.75, 0, OFR, -, -, 719, 
360, 1, -, 4938, 1, 001, 1101.5, 30, 30:22, 30:22, 1, 1102.25, 0, 1101.75, 0, OFR, -, -, 720, 
361, 1, -, 3901, 2, 001, 1103.75, 15, 30:26, 30:26, 1, 1102.25, 0, 1101.75, 0, OFR, -, -, 721, 
342, 1, -, 9721, 1, 003, 1101.75, 15, 30:43, 30:43, 1, 1102.25, 0, 1101.75, 0, OFR, -, -, 722, 
362, 1, -, 9721, 1, 001, 1103.25, 10, 30:43, 30:43, 1, 1102.25, 0, 1103.25, 0, OFR, -, -, 723, 
362, 1, -, 9721, 1, 105, 1102.25, 5, 30:43, 30:43, 1, 1102.25, 0, 1103.25, 0, OFR, -, 52, 724, 
354, 1, -, 8274, 2, 105, 1102.25, 5, 30:43, 30:43, 2, 1102.25, 0, 1103.25, 0, OFR, -, 52, 725, 
362, 1, -, 9721, 1, 105, 1102.25, 5, 30:43, 30:43, 1, 1102.25, 0, 1101.75, 0, OFR, -, 53, 726, 
359, 1, -, 8582, 2, 105, 1102.25, 5, 30:43, 30:43, 1, 1102.25, 0, 1101.75, 0, OFR, -, 53, 727, 
341, 1, -, 9373, 1, 003, 1104, 15, 30:44, 30:44, 1, 1102.25, 0, 1101.75, 0, OFR, -, -, 728, 
363, 1, -, 9373, 1, 001, 1100.75, 5, 30:44, 30:44, 1, 1102.25, 0, 1101.75, 0, OFR, -, -, 729, 
309, 4, 3, 8274, 2, 002, 1103, 4, 30:59, 30:59, 2, 1102.25, 0, 1101.75, 0, OFR, -, -, 730, 
332, 3, 2, 8274, 2, 002, 1103.75, 4, 30:59, 30:59, 2, 1102.25, 0, 1101.75, 0, OFR, -, -, 731, 
333, 3, 2, 8274, 2, 002, 1103.5, 4, 30:59, 30:59, 2, 1102.25, 0, 1101.75, 0, OFR, -, -, 732, 
334, 3, 2, 8274, 2, 002, 1103.25, 4, 30:59, 30:59, 2, 1102.25, 0, 1101.75, 0, OFR, -, -, 733, 
352, 2, 1, 8274, 2, 002, 1102.75, 4, 30:59, 30:59, 2, 1102.25, 0, 1101.75, 0, OFR, -, -, 734, 
353, 2, 1, 8274, 2, 002, 1102.5, 4, 30:59, 30:59, 2, 1102.25, 0, 1101.75, 0, OFR, -, -, 735, 
357, 1, -, 8274, 1, 003, 1100.25, 5, 30:59, 30:59, 2, 1102.25, 0, 1101.75, 0, OFR, -, -, 736, 
370, 1, -, 8274, 2, 001, 1104, 4, 30:59, 30:59, 2, 1102.25, 0, 1101.75, 0, OFR, -, -, 737, 
371, 1, -, 8274, 1, 001, 1102, 5, 30:59, 30:59, 2, 1102.25, 0, 1102, 0, OFR, -, -, 738, 
343, 1, -, 350, 1, 003, 1102.75, 4, 32:1, 32:1, 1, 1102.25, 0, 1102, 0, OFR, -, -, 739, 
372, 1, -, 350, 1, 001, 1103.5, 5, 32:1, 32:1, 1, 1102.25, 0, 1103.5, 0, OFR, -, -, 740, 
372, 1, -, 350, 1, 105, 1102.25, 5, 32:1, 32:1, 1, 1102.25, 0, 1102, 0, OFR, -, 54, 741, 
359, 1, -, 8582, 2, 105, 1102.25, 5, 32:1, 32:1, 1, 1102.25, 0, 1102, 0, OFR, -, 54, 742, 
373, 1, -, 65, 1, 001, 1101.5, 16, 32:1, 32:1, 3, 1102.25, 0, 1102, 0, OFR, -, -, 743, 
374, 1, -, 198, 1, 001, 1100.75, 5, 32:11, 32:11, 1, 1102.25, 0, 1102, 0, OFR, -, -, 744, 
375, 1, -, 1797, 1, 001, 1103.5, 5, 33:20, 33:20, 1, 1102.25, 0, 1103.5, 0, OFR, -, -, 745, 
375, 1, -, 1797, 1, 105, 1102.25, 5, 33:20, 33:20, 1, 1102.5, 0, 1102, 0, OFR, -, 55, 746, 
359, 1, -, 8582, 2, 105, 1102.25, 5, 33:20, 33:20, 1, 1102.5, 0, 1102, 0, OFR, -, 55, 747, 
376, 1, -, 1619, 2, 001, 1104.75, 48, 33:29, 33:29, 3, 1102.5, 0, 1102, 0, OFR, -, -, 748, 
358, 1, -, 134, 1, 003, 1103.5, 15, 33:45, 33:45, 1, 1102.5, 0, 1102, 0, OFR, -, -, 749, 
377, 1, -, 134, 2, 001, 1103.25, 25, 33:45, 33:45, 1, 1102.5, 0, 1102, 0, OFR, -, -, 750, 
378, 1, -, 8582, 2, 001, 1101, 5, 33:48, 33:48, 1, 1101, 0, 1102, 0, OFR, -, -, 751, 
371, 1, -, 8274, 1, 105, 1102, 5, 33:48, 33:48, 2, 1102.5, 0, 1101.75, 0, OFR, -, 56, 752, 
378, 1, -, 8582, 2, 105, 1102, 5, 33:48, 33:48, 1, 1102.5, 0, 1101.75, 0, OFR, -, 56, 753, 
309, 5, 4, 8274, 2, 002, 1103, 5, 34:8, 34:8, 2, 1102.5, 0, 1101.75, 0, OFR, -, -, 754, 
332, 4, 3, 8274, 2, 002, 1103.75, 5, 34:8, 34:8, 2, 1102.5, 0, 1101.75, 0, OFR, -, -, 755, 
333, 4, 3, 8274, 2, 002, 1103.5, 5, 34:8, 34:8, 2, 1102.5, 0, 1101.75, 0, OFR, -, -, 756, 
334, 4, 3, 8274, 2, 002, 1103.25, 5, 34:8, 34:8, 2, 1102.5, 0, 1101.75, 0, OFR, -, -, 757, 
352, 3, 2, 8274, 2, 002, 1102.75, 5, 34:8, 34:8, 2, 1102.5, 0, 1101.75, 0, OFR, -, -, 758, 
353, 3, 2, 8274, 2, 002, 1102.5, 5, 34:8, 34:8, 2, 1102.5, 0, 1101.75, 0, OFR, -, -, 759, 
370, 1, -, 8274, 2, 003, 1104, 4, 34:8, 34:8, 2, 1102.5, 0, 1101.75, 0, OFR, -, -, 760, 
385, 1, -, 8274, 2, 001, 1102.25, 5, 34:8, 34:8, 2, 1102.25, 0, 1101.75, 0, OFR, -, -, 761, 
386, 1, -, 8274, 1, 001, 1100.25, 5, 34:8, 34:8, 2, 1102.25, 0, 1101.75, 0, OFR, -, -, 762, 
